"Date","Open","High","Low","Close","Volume"
"01/14/2022","304.25","310.82","303.75","310.2","39,846,410"
"01/13/2022","320.466","320.88","304","304.8","45,365,980"
"01/12/2022","319.67","323.41","317.08","318.27","34,372,220"
"01/11/2022","313.38","316.61","309.89","314.98","29,386,770"
"01/10/2022","309.485","314.72","304.69","314.27","44,289,470"
"01/07/2022","314.15","316.5","310.09","314.04","32,720,020"
"01/06/2022","313.15","318.7","311.49","313.88","39,646,150"
"01/05/2022","325.86","326.07","315.98","316.38","40,054,330"
"01/04/2022","334.83","335.2","326.12","329.01","32,674,310"
"01/03/2022","335.35","338","329.78","334.75","28,918,010"
"12/31/2021","338.51","339.355","335.85","336.32","18,000,800"
"12/30/2021","341.91","343.13","338.82","339.32","15,994,470"
"12/29/2021","341.3","344.3","339.68","341.95","15,041,960"
"12/28/2021","343.15","343.81","340.32","341.25","15,661,470"
"12/27/2021","335.46","342.48","335.43","342.45","19,947,030"
"12/23/2021","332.75","336.39","332.73","334.69","19,617,850"
"12/22/2021","328.3","333.605","325.75","333.2","24,831,490"
"12/21/2021","323.29","327.73","319.8","327.29","24,740,600"
"12/20/2021","320.05","322.8","317.57","319.91","28,326,530"
"12/17/2021","320.88","324.92","317.25","323.8","47,983,710"
"12/16/2021","335.71","336.76","323.02","324.9","35,034,830"
"12/15/2021","328.61","335.19","324.5","334.65","35,381,120"
"12/14/2021","333.22","334.64","324.11","328.34","44,438,700"
"12/13/2021","340.68","343.79","339.08","339.4","28,899,430"
"12/10/2021","334.98","343","334.79","342.54","38,095,690"
"12/09/2021","334.41","336.489","332.12","333.1","22,214,160"
"12/08/2021","335.31","335.5","330.8","334.97","24,760,990"
"12/07/2021","331.64","335.8","330.1","334.92","31,021,940"
"12/06/2021","323.95","327.45","319.23","326.19","30,032,560"
"12/03/2021","331.99","332.7","318.03","323.01","41,779,280"
"12/02/2021","330.3","333.49","327.8028","329.49","30,765,980"
"12/01/2021","335.13","339.28","329.39","330.08","33,401,150"
"11/30/2021","335.32","337.78","328.99","330.59","42,885,610"
"11/29/2021","334.94","339.03","334.74","336.63","28,563,480"
"11/26/2021","334.35","337.93","328.12","329.68","24,217,240"
"11/24/2021","336.28","338.16","333.911","337.91","21,661,310"
"11/23/2021","337.05","339.45","333.56","337.68","30,427,560"
"11/22/2021","344.62","349.67","339.55","339.83","31,031,110"
"11/19/2021","342.64","345.1","342.2","343.11","21,963,400"
"11/18/2021","338.18","342.45","337.12","341.27","22,463,530"
"11/17/2021","338.94","342.19","338","339.12","19,053,380"
"11/16/2021","335.68","340.67","335.51","339.51","20,886,830"
"11/15/2021","337.54","337.88","334.034","336.07","16,723,010"
"11/12/2021","333.92","337.23","333.79","336.72","23,831,050"
"11/11/2021","331.25","333.7746","330.51","332.43","16,849,840"
"11/10/2021","334.57","334.6303","329.92","330.8","25,500,940"
"11/09/2021","337.107","338.72","334.53","335.95","21,307,370"
"11/08/2021","337.3","337.65","334.44","336.99","20,897,000"
"11/05/2021","338.51","338.79","334.4217","336.06","22,570,100"
"11/04/2021","332.89","336.54","329.51","336.44","23,992,200"
"11/03/2021","333.9","334.9","330.65","334","21,500,080"
"11/02/2021","330.31","333.45","330","333.13","26,487,110"
"11/01/2021","331.355","331.49","326.37","329.37","27,073,180"
"10/29/2021","324.13","332","323.9","331.62","34,765,980"
"10/28/2021","324.325","324.87","321.3601","324.35","26,297,940"
"10/27/2021","316","326.0973","316","323.17","52,588,690"
"10/26/2021","311","312.395","308.5967","310.11","28,107,350"
"10/25/2021","309.36","309.4","306.46","308.13","17,554,470"
"10/22/2021","310.4","311.09","307.8","309.16","17,449,330"
"10/21/2021","307.17","311.02","306.36","310.76","16,918,100"
"10/20/2021","309.21","309.7","306.11","307.41","16,537,070"
"10/19/2021","308.348","309.3","307.22","308.23","17,682,140"
"10/18/2021","303.57","308.21","302.69","307.29","22,729,300"
"10/15/2021","302.34","304.45","300.5191","304.21","25,384,800"
"10/14/2021","299.21","303.27","297.83","302.75","27,262,900"
"10/13/2021","294.91","297.28","293.49","296.31","23,424,030"
"10/12/2021","295.34","295.44","292.35","292.88","17,974,140"
"10/11/2021","292.92","297.97","292.745","294.23","19,298,630"
"10/08/2021","296.219","296.6409","293.76","294.85","17,685,700"
"10/07/2021","295.175","296.64","293.92","294.85","20,430,470"
"10/06/2021","285.78","293.63","285.5093","293.11","28,002,560"
"10/05/2021","284.0464","290.398","284.0464","288.76","24,993,020"
"10/04/2021","287.4","287.75","280.25","283.11","31,350,750"
"10/01/2021","282.122","289.98","281.29","289.1","30,086,280"
"09/30/2021","285.71","287.83","281.62","281.92","32,343,640"
"09/29/2021","285.1","286.77","283.01","284","26,353,700"
"09/28/2021","289.795","290.78","282.75","283.52","43,186,240"
"09/27/2021","296.14","296.47","292.9449","294.17","23,571,740"
"09/24/2021","298.23","299.8","296.93","299.35","14,998,980"
"09/23/2021","298.845","300.9","297.5339","299.56","18,604,600"
"09/22/2021","296.725","300.22","294.51","298.58","26,626,340"
"09/21/2021","295.69","297.54","294.07","294.8","22,364,100"
"09/20/2021","296.33","298.72","289.52","294.3","38,278,660"
"09/17/2021","304.17","304.5","299.53","299.87","41,372,460"
"09/16/2021","303.76","305.31","300.76","305.22","19,550,820"
"09/15/2021","303.26","305.32","301.82","304.82","28,356,300"
"09/14/2021","299.56","301.39","298.1","299.79","21,853,430"
"09/13/2021","297.55","298.54","294.08","296.99","23,652,950"
"09/10/2021","298.415","299.92","295.38","295.71","19,633,360"
"09/09/2021","300.82","302.14","297","297.25","19,927,000"
"09/08/2021","299.78","300.61","297.4651","300.21","15,046,820"
"09/07/2021","301.005","301.09","298.2","300.18","17,184,080"
"09/03/2021","300.99","302.6","300.26","301.14","14,751,610"
"09/02/2021","302.2","303.3602","300.18","301.15","16,290,550"
"09/01/2021","302.865","305.19","301.49","301.83","18,983,830"
"08/31/2021","304.42","304.5","301.5","301.88","26,285,340"
"08/30/2021","301.115","304.22","301.06","303.59","16,348,070"
"08/27/2021","298.987","300.87","296.83","299.72","22,605,730"
"08/26/2021","300.99","302.429","298.95","299.09","17,666,080"
"08/25/2021","304.3","304.59","300.42","302.01","20,006,060"
"08/24/2021","305.02","305.65","302.0035","302.62","18,175,770"
"08/23/2021","303.245","305.4","301.85","304.65","22,830,160"
"08/20/2021","299.72","305.84","298.06","304.36","40,817,650"
"08/19/2021","288.694","297.47","288.64","296.77","29,850,460"
"08/18/2021","292.04","294.82","290.27","290.73","21,812,990"
"08/17/2021","292.39","293.43","291.08","293.08","20,075,250"
"08/16/2021","293.19","294.82","290.02","294.6","22,516,030"
"08/13/2021","289.48","292.9","289.3","292.85","18,249,050"
"08/12/2021","286.63","289.97","286.34","289.81","14,570,390"
"08/11/2021","287.21","288.66","285.86","286.95","13,955,930"
"08/10/2021","288.8","289.25","285.2","286.44","18,616,580"
"08/09/2021","289.75","291.55","287.81","288.33","16,117,630"
"08/06/2021","288.505","289.5","287.6238","289.46","16,589,340"
"08/05/2021","286.88","289.63","286.1","289.52","13,900,170"
"08/04/2021","286.22","287.5883","284.65","286.51","16,191,300"
"08/03/2021","285.42","287.23","284","287.12","17,879,050"
"08/02/2021","286.36","286.775","283.74","284.82","16,267,360"
"07/30/2021","285.17","286.66","283.91","284.91","20,944,850"
"07/29/2021","286.235","288.618","286.08","286.5","18,168,290"
"07/28/2021","288.99","290.15","283.8303","286.22","33,566,850"
"07/27/2021","289.43","289.575","282.95","286.54","33,604,070"
"07/26/2021","289","289.69","286.642","289.05","23,176,070"
"07/23/2021","287.37","289.99","286.5","289.67","22,768,070"
"07/22/2021","283.84","286.42","283.42","286.14","23,384,060"
"07/21/2021","278.905","281.52","277.29","281.4","24,364,320"
"07/20/2021","278.03","280.97","276.26","279.32","26,259,740"
"07/19/2021","278.934","280.37","274.45","277.01","32,935,630"
"07/16/2021","282.07","284.1","279.46","280.75","26,186,850"
"07/15/2021","282","282.51","279.83","281.03","22,604,230"
"07/14/2021","282.345","283.66","280.55","282.51","23,113,660"
"07/13/2021","277.52","282.8477","277.39","280.98","26,120,130"
"07/12/2021","279.157","279.77","276.58","277.32","18,931,700"
"07/09/2021","275.72","278.05","275.32","277.94","23,916,670"
"07/08/2021","276.9","278.73","274.87","277.42","24,618,590"
"07/07/2021","279.4","280.6945","277.15","279.93","23,260,030"
"07/06/2021","278.03","279.3698","274.3","277.66","31,565,560"
"07/02/2021","272.82","278","272.5","277.65","26,474,410"
"07/01/2021","269.61","271.84","269.6","271.6","16,725,320"
"06/30/2021","270.69","271.3598","269.6043","270.9","21,656,460"
"06/29/2021","268.865","271.65","267.98","271.4","19,937,810"
"06/28/2021","266.185","268.9","265.91","268.72","19,590,020"
"06/25/2021","266.23","267.25","264.76","265.02","25,611,110"
"06/24/2021","266.16","267.85","265.47","266.69","21,446,870"
"06/23/2021","265.99","266.83","264.43","265.275","19,518,680"
"06/22/2021","262.72","265.79","262.4","265.51","24,694,090"
"06/21/2021","259.82","263.52","257.92","262.63","26,696,120"
"06/18/2021","259.63","262.3","258.75","259.43","37,202,220"
"06/17/2021","256.065","261.75","256.01","260.9","27,565,540"
"06/16/2021","259.4","260.58","254.42","257.38","27,219,960"
"06/15/2021","259.775","259.99","257.68","258.36","18,038,930"
"06/14/2021","257.9","259.95","256.8","259.89","19,150,510"
"06/11/2021","257.985","258.4868","256.61","257.89","18,999,730"
"06/10/2021","254.29","257.46","253.67","257.24","24,563,620"
"06/09/2021","253.81","255.53","253.21","253.59","17,937,630"
"06/08/2021","255.16","256.01","252.51","252.57","22,455,000"
"06/07/2021","249.98","254.09","249.81","253.81","23,079,170"
"06/04/2021","247.76","251.65","247.51","250.79","25,281,090"
"06/03/2021","245.22","246.34","243","245.71","25,307,710"
"06/02/2021","248.125","249.27","245.84","247.3","19,406,710"
"06/01/2021","251.23","251.29","246.96","247.4","23,213,310"
"05/28/2021","250.995","252.08","249.56","249.68","18,274,940"
"05/27/2021","251.17","251.48","249.25","249.31","24,426,240"
"05/26/2021","251.43","252.94","250.75","251.49","17,771,600"
"05/25/2021","251.769","252.75","250.82","251.72","17,704,300"
"05/24/2021","247.785","251.16","247.51","250.78","21,411,550"
"05/21/2021","247.565","248.33","244.74","245.17","21,863,060"
"05/20/2021","243.96","247.95","243.86","246.48","21,800,720"
"05/19/2021","239.31","243.23","238.6","243.12","25,739,810"
"05/18/2021","246.27","246.41","242.9","243.08","20,167,980"
"05/17/2021","246.55","246.59","243.52","245.18","24,938,180"
"05/14/2021","245.575","249.18","245.49","248.15","23,901,080"
"05/13/2021","241.8","245.6","241.42","243.03","29,624,300"
"05/12/2021","242.165","244.38","238.07","239","36,684,370"
"05/11/2021","244.55","246.6","242.57","246.23","33,641,590"
"05/10/2021","250.87","251.73","247.12","247.18","29,299,890"
"05/07/2021","252.15","254.3","251.17","252.46","27,032,910"
"05/06/2021","246.45","249.86","244.69","249.73","26,491,090"
"05/05/2021","249.06","249.5","245.82","246.47","21,901,330"
"05/04/2021","250.97","251.21","245.76","247.79","32,756,050"
"05/03/2021","253.4","254.35","251.12","251.86","19,626,570"
"04/30/2021","249.74","253.08","249.6","252.18","30,945,100"
"04/29/2021","255.46","256.1","249","252.51","40,589,020"
"04/28/2021","256.078","256.5399","252.95","254.56","46,903,120"
"04/27/2021","261.585","263.19","260.12","261.97","31,014,210"
"04/26/2021","261.66","262.435","260.17","261.55","19,763,350"
"04/23/2021","257.88","261.51","257.27","261.15","21,499,290"
"04/22/2021","260.21","261.78","255.64","257.17","25,606,150"
"04/21/2021","258.94","260.68","257.25","260.58","24,030,380"
"04/20/2021","257.82","260.2","256.84","258.26","19,722,880"
"04/19/2021","260.19","261.48","257.821","258.74","23,209,260"
"04/16/2021","259.47","261","257.6014","260.74","24,878,580"
"04/15/2021","257.931","259.93","257.73","259.5","25,627,480"
"04/14/2021","257.475","258.83","255.16","255.59","23,070,940"
"04/13/2021","257.257","259.19","256.83","258.49","23,837,470"
"04/12/2021","254.71","257.67","254.62","255.91","27,148,670"
"04/09/2021","252.87","255.99","252.44","255.85","24,326,830"
"04/08/2021","252.77","254.139","252","253.25","23,625,200"
"04/07/2021","247.81","250.93","247.19","249.9","22,719,840"
"04/06/2021","247.61","249.4","246.88","247.86","22,931,920"
"04/05/2021","242.76","249.96","242.7","249.07","36,910,610"
"04/01/2021","238.47","242.84","238.0501","242.35","30,337,980"
"03/31/2021","232.91","239.1","232.39","235.77","43,623,470"
"03/30/2021","233.525","233.85","231.1","231.85","24,792,010"
"03/29/2021","236.59","236.8","231.88","235.24","25,227,460"
"03/26/2021","231.55","236.71","231.55","236.48","25,479,850"
"03/25/2021","235.3","236.94","231.57","232.34","34,061,850"
"03/24/2021","237.845","238","235.32","235.46","25,620,130"
"03/23/2021","237.485","241.05","237.07","237.58","31,638,380"
"03/22/2021","230.27","236.9","230.14","235.99","30,127,010"
"03/19/2021","231.02","232.474","229.3496","230.35","46,430,730"
"03/18/2021","232.56","234.19","230.33","230.72","34,852,250"
"03/17/2021","236.15","238.55","233.23","237.04","29,562,100"
"03/16/2021","236.28","240.055","235.94","237.71","28,092,200"
"03/15/2021","234.96","235.185","231.81","234.81","26,042,670"
"03/12/2021","234.01","235.82","233.23","235.75","22,653,660"
"03/11/2021","234.96","239.17","234.31","237.13","29,907,590"
"03/10/2021","237","237","232.04","232.42","29,746,810"
"03/09/2021","232.88","235.3839","231.67","233.78","33,080,530"
"03/08/2021","231.37","233.365","227.13","227.39","35,267,440"
"03/05/2021","229.517","233.27","226.46","231.6","41,872,770"
"03/04/2021","226.735","232.49","224.26","226.73","44,727,790"
"03/03/2021","232.155","233.5799","227.26","227.56","34,029,530"
"03/02/2021","237.01","237.3","233.45","233.87","22,812,460"
"03/01/2021","235.9","237.47","233.15","236.94","25,332,840"
"02/26/2021","231.525","235.37","229.54","232.38","37,819,230"
"02/25/2021","232.08","234.5852","227.88","228.99","39,542,240"
"02/24/2021","230.01","235.2","229","234.55","26,339,750"
"02/23/2021","230.325","234.83","228.73","233.27","30,228,700"
"02/22/2021","237.42","237.93","232.4","234.51","36,446,940"
"02/19/2021","243.75","243.86","240.18","240.97","25,262,600"
"02/18/2021","241.8","243.93","240.86","243.79","16,925,560"
"02/17/2021","241.32","244.31","240.94","244.2","21,673,110"
"02/16/2021","245.03","246.13","242.92","243.7","26,728,490"
"02/12/2021","243.933","245.3","242.73","244.99","16,561,080"
"02/11/2021","244.78","245.15","242.15","244.49","15,751,060"
"02/10/2021","245","245.92","240.89","242.82","22,186,710"
"02/09/2021","241.87","244.76","241.38","243.77","23,564,950"
"02/08/2021","243.15","243.68","240.81","242.47","22,211,930"
"02/05/2021","242.23","243.28","240.42","242.2","18,054,750"
"02/04/2021","242.66","243.2399","240.37","242.01","25,296,100"
"02/03/2021","239.57","245.09","239.26","243","27,158,100"
"02/02/2021","241.3","242.31","238.69","239.51","25,916,340"
"02/01/2021","235.06","242.5","232.43","239.65","33,314,190"
"01/29/2021","235.99","238.02","231.35","231.96","42,503,140"
"01/28/2021","235.61","242.64","235.09","238.93","49,111,160"
"01/27/2021","238","240.44","230.14","232.9","69,870,640"
"01/26/2021","231.86","234.18","230.08","232.33","49,169,600"
"01/25/2021","229.12","229.78","224.22","229.53","33,152,100"
"01/22/2021","227.08","230.07","225.8","225.95","30,172,660"
"01/21/2021","224.7","226.3","222.42","224.97","30,749,550"
"01/20/2021","217.7","225.79","217.2908","224.34","37,777,260"
"01/19/2021","213.75","216.98","212.63","216.44","30,480,860"
"01/15/2021","213.52","214.51","212.03","212.65","31,746,510"
"01/14/2021","215.91","217.46","212.74","213.02","29,346,740"
"01/13/2021","214.02","216.76","213.9266","216.34","20,087,080"
"01/12/2021","216.5","217.1","213.3202","214.93","23,249,340"
"01/11/2021","218.47","218.91","216.73","217.49","23,047,030"
"01/08/2021","218.68","220.58","217.0261","219.62","22,956,210"
"01/07/2021","214.04","219.34","213.71","218.29","27,694,480"
"01/06/2021","212.17","216.4899","211.94","212.25","35,930,650"
"01/05/2021","217.26","218.52","215.7","217.9","23,822,950"
"01/04/2021","222.53","223","214.81","217.69","37,130,140"
"12/31/2020","221.7","223","219.68","222.42","20,942,130"
"12/30/2020","225.23","225.63","221.47","221.68","20,272,340"
"12/29/2020","226.31","227.18","223.58","224.15","17,403,210"
"12/28/2020","224.45","226.03","223.02","224.96","17,933,500"
"12/24/2020","221.42","223.61","221.2","222.75","10,550,570"
"12/23/2020","223.11","223.5589","220.8","221.02","18,699,640"
"12/22/2020","222.69","225.63","221.85","223.94","22,643,400"
"12/21/2020","217.55","224","217.2801","222.59","37,181,890"
"12/18/2020","218.59","219.69","216.02","218.59","63,354,920"
"12/17/2020","219.87","220.89","217.92","219.42","32,515,780"
"12/16/2020","214.75","220.11","214.72","219.28","35,023,250"
"12/15/2020","215.165","215.42","212.24","214.13","27,018,110"
"12/14/2020","213.1","216.21","212.88","214.2","28,798,380"
"12/11/2020","210.05","213.32","209.11","213.26","30,979,440"
"12/10/2020","211.77","213.08","210.36","210.52","26,467,020"
"12/09/2020","215.16","215.225","211.214","211.8","32,440,600"
"12/08/2020","213.97","216.95","212.89","216.01","23,284,090"
"12/07/2020","214.37","215.54","212.99","214.29","24,620,000"
"12/04/2020","214.22","215.38","213.18","214.36","24,666,040"
"12/03/2020","214.61","216.3757","213.65","214.24","25,120,920"
"12/02/2020","214.88","215.47","212.8","215.37","23,724,510"
"12/01/2020","214.51","217.32","213.35","216.21","30,931,320"
"11/30/2020","214.1","214.76","210.835","214.07","33,064,750"
"11/27/2020","214.85","216.27","214.04","215.23","14,512,210"
"11/25/2020","215.11","215.29","212.46","213.87","21,012,890"
"11/24/2020","209.59","214.25","208.86","213.86","33,979,730"
"11/23/2020","210.95","212.29","208.16","210.11","25,683,510"
"11/20/2020","212.2","213.285","210","210.39","22,843,120"
"11/19/2020","211.38","213.03","209.93","212.42","24,792,750"
"11/18/2020","213.65","215.17","210.93","211.08","28,372,790"
"11/17/2020","216.1","217.68","214.08","214.46","24,154,110"
"11/16/2020","214.87","217.74","214.52","217.23","24,953,340"
"11/13/2020","216.36","217.42","214.16","216.51","18,630,310"
"11/12/2020","217.21","219.11","214.46","215.44","21,616,120"
"11/11/2020","212.39","218.04","212.2","216.55","29,440,790"
"11/10/2020","214.5","216.5","209.72","211.01","44,045,120"
"11/09/2020","224.435","228.12","217.88","218.39","44,394,950"
"11/06/2020","222.26","224.36","218.03","223.72","25,231,900"
"11/05/2020","222.04","224.12","221.15","223.29","36,080,140"
"11/04/2020","214.02","218.32","212.4185","216.39","42,311,780"
"11/03/2020","203.89","208.12","203.12","206.43","27,512,030"
"11/02/2020","204.29","205.28","200.12","202.33","30,842,160"
"10/30/2020","203.5","204.29","199.62","202.47","36,980,110"
"10/29/2020","204.07","207.36","203.37","204.72","31,432,560"
"10/28/2020","207.67","208.84","202.1","202.68","51,195,590"
"10/27/2020","211.59","214.67","210.329","213.25","36,700,330"
"10/26/2020","213.85","216.3399","208.1","210.08","37,111,560"
"10/23/2020","215.03","216.28","213.16","216.23","18,879,610"
"10/22/2020","213.93","216.055","211.7","214.89","22,351,450"
"10/21/2020","213.12","216.92","213.12","214.8","22,724,910"
"10/20/2020","215.8","217.37","213.0901","214.65","22,753,510"
"10/19/2020","220.415","222.3","213.72","214.22","27,625,840"
"10/16/2020","220.15","222.29","219.32","219.66","26,057,880"
"10/15/2020","217.1","220.36","216.01","219.66","22,733,060"
"10/14/2020","223","224.22","219.13","220.86","23,451,710"
"10/13/2020","222.72","225.21","220.43","222.86","28,950,840"
"10/12/2020","218.79","223.86","216.81","221.4","40,461,370"
"10/09/2020","211.23","215.86","211.23","215.81","26,458,050"
"10/08/2020","210.51","211.19","208.32","210.58","19,925,840"
"10/07/2020","207.06","210.11","206.72","209.83","25,681,050"
"10/06/2020","208.82","210.18","204.82","205.91","28,554,260"
"10/05/2020","207.22","210.41","206.98","210.38","21,331,560"
"10/02/2020","208","210.99","205.54","206.19","33,154,780"
"10/01/2020","213.49","213.99","211.32","212.46","27,158,420"
"09/30/2020","207.73","211.98","206.54","210.33","33,829,090"
"09/29/2020","209.35","210.07","206.81","207.26","24,464,470"
"09/28/2020","210.88","212.57","208.06","209.44","32,004,940"
"09/25/2020","203.55","209.04","202.54","207.82","29,437,310"
"09/24/2020","199.85","205.57","199.2","203.19","31,202,490"
"09/23/2020","207.9","208.1","200.03","200.59","30,803,780"
"09/22/2020","205.06","208.1","202.075","207.42","33,517,070"
"09/21/2020","197.19","202.71","196.38","202.54","39,839,660"
"09/18/2020","202.8","203.65","196.25","200.39","55,225,330"
"09/17/2020","200.05","204.33","199.96","202.91","34,011,260"
"09/16/2020","210.62","210.65","204.64","205.05","26,372,460"
"09/15/2020","208.42","209.78","206.93","208.78","21,823,940"
"09/14/2020","204.24","209.2","204.03","205.41","30,375,770"
"09/11/2020","207.2","208.63","201.24","204.03","33,620,070"
"09/10/2020","213.4","214.74","204.11","205.37","35,461,510"
"09/09/2020","207.6","214.8399","206.7","211.29","45,678,990"
"09/08/2020","206.5","210.03","202.2","202.66","52,924,330"
"09/04/2020","215.1","218.3599","205.19","214.25","59,664,070"
"09/03/2020","229.27","229.31","214.9602","217.3","58,400,290"
"09/02/2020","227.97","232.86","227.35","231.65","34,080,840"
"09/01/2020","225.51","227.45","224.43","227.27","25,791,240"
"08/31/2020","227","228.7","224.31","225.53","28,774,160"
"08/28/2020","228.18","230.644","226.58","228.91","26,292,900"
"08/27/2020","222.89","231.15","219.4","226.58","57,602,200"
"08/26/2020","217.88","222.09","217.36","221.15","39,600,830"
"08/25/2020","213.1","216.61","213.1","216.47","23,043,700"
"08/24/2020","214.79","215.52","212.43","213.69","25,460,150"
"08/21/2020","213.86","216.25","212.85","213.02","36,249,320"
"08/20/2020","209.54","215","208.91","214.58","26,981,480"
"08/19/2020","211.49","212.1","209.25","209.7","27,627,560"
"08/18/2020","210.53","212.36","209.21","211.49","21,336,170"
"08/17/2020","209.6","211.1874","208.915","210.28","20,184,760"
"08/14/2020","208.76","209.59","207.51","208.9","17,958,940"
"08/13/2020","209.44","211.35","208.15","208.7","22,588,870"
"08/12/2020","205.29","210.28","204.75","209.19","28,041,360"
"08/11/2020","207.155","207.65","203.14","203.38","36,446,460"
"08/10/2020","211.67","211.88","206.35","208.25","36,716,460"
"08/07/2020","214.85","215.7","210.93","212.48","27,820,420"
"08/06/2020","212.34","216.3705","211.55","216.35","32,656,840"
"08/05/2020","214.9","215","211.57","212.94","28,858,620"
"08/04/2020","214.17","214.77","210.31","213.29","49,280,060"
"08/03/2020","211.52","217.64","210.44","216.54","78,983,010"
"07/31/2020","204.4","205.1","199.01","205.01","51,247,970"
"07/30/2020","201","204.46","199.57","203.9","25,079,600"
"07/29/2020","202.5","204.65","202.01","204.06","19,632,600"
"07/28/2020","203.61","204.7","201.74","202.02","23,251,390"
"07/27/2020","201.47","203.97","200.86","203.85","30,160,870"
"07/24/2020","200.42","202.86","197.51","201.3","39,826,990"
"07/23/2020","207.19","210.92","202.15","202.54","67,457,040"
"07/22/2020","209.2","212.3","208.39","211.75","49,605,690"
"07/21/2020","213.66","213.94","208.03","208.75","38,105,780"
"07/20/2020","205","212.3","203.01","211.6","36,884,840"
"07/17/2020","204.47","205.04","201.39","202.88","31,635,280"
"07/16/2020","205.4","205.7","202.31","203.92","29,940,650"
"07/15/2020","209.56","211.33","205.03","208.04","32,179,410"
"07/14/2020","206.13","208.85","202.03","208.35","37,591,820"
"07/13/2020","214.48","215.8","206.5","207.07","38,135,610"
"07/10/2020","213.62","214.08","211.08","213.67","26,177,630"
"07/09/2020","216.33","216.38","211.47","214.32","33,121,680"
"07/08/2020","210.07","213.26","208.69","212.83","33,600,030"
"07/07/2020","210.45","214.67","207.99","208.25","33,600,730"
"07/06/2020","208.834","211.13","208.09","210.7","31,897,630"
"07/02/2020","205.68","208.02","205","206.26","29,315,760"
"07/01/2020","203.14","206.35","201.77","204.7","32,061,210"
"06/30/2020","197.882","204.4","197.74","203.51","34,310,280"
"06/29/2020","195.78","198.53","193.55","198.44","26,701,590"
"06/26/2020","199.73","199.89","194.88","196.33","54,675,780"
"06/25/2020","197.8","200.61","195.4675","200.34","27,803,930"
"06/24/2020","201.604","203.25","196.56","197.84","36,740,650"
"06/23/2020","202.09","203.95","201.425","201.91","30,917,450"
"06/22/2020","195.79","200.76","195.2301","200.57","32,818,930"
"06/19/2020","198.59","199.29","194.37","195.15","44,441,140"
"06/18/2020","194","196.49","194","196.32","23,061,650"
"06/17/2020","195.03","196.32","193.69","194.24","25,687,820"
"06/16/2020","192.89","195.58","191.46","193.57","42,556,660"
"06/15/2020","184.58","190.82","184.01","188.94","32,770,190"
"06/12/2020","190.54","191.72","185.18","187.74","43,373,590"
"06/11/2020","193.13","195.76","186.07","186.27","52,854,670"
"06/10/2020","191.125","198.52","191.01","196.84","43,872,330"
"06/09/2020","188","190.7","187.2605","189.8","29,783,920"
"06/08/2020","185.94","188.55","184.44","188.36","33,211,590"
"06/05/2020","182.62","187.73","182.01","187.2","39,893,640"
"06/04/2020","184.3","185.84","182.3","182.92","28,761,810"
"06/03/2020","184.815","185.94","183.58","185.36","27,311,020"
"06/02/2020","184.25","185","181.35","184.91","30,794,590"
"06/01/2020","182.54","183","181.46","182.83","22,668,820"
"05/29/2020","182.73","184.27","180.41","183.25","42,146,720"
"05/28/2020","180.74","184.1474","180.38","181.4","33,831,820"
"05/27/2020","180.2","181.9877","176.6","181.81","39,517,150"
"05/26/2020","186.34","186.5","181.1","181.57","36,073,610"
"05/22/2020","183.19","184.46","182.54","183.51","20,826,900"
"05/21/2020","185.4","186.67","183.29","183.43","29,119,510"
"05/20/2020","184.81","185.85","183.94","185.66","31,261,330"
"05/19/2020","185.03","186.6","183.49","183.63","26,799,120"
"05/18/2020","185.75","186.2","183.96","184.91","35,306,620"
"05/15/2020","179.06","187.06","177","183.16","46,610,380"
"05/14/2020","177.54","180.69","175.68","180.53","41,873,910"
"05/13/2020","182.55","184.05","176.54","179.75","44,711,490"
"05/12/2020","186.8","187.04","182.3","182.51","32,038,200"
"05/11/2020","183.15","187.51","182.85","186.74","30,892,660"
"05/08/2020","184.98","185","183.36","184.68","30,912,640"
"05/07/2020","184.17","184.55","182.58","183.6","28,315,990"
"05/06/2020","182.08","184.2","181.6306","182.54","32,139,300"
"05/05/2020","180.62","183.65","179.9","180.76","36,839,170"
"05/04/2020","174.49","179","173.8","178.84","30,372,860"
"05/01/2020","175.8","178.64","174.01","174.57","39,370,470"
"04/30/2020","180","180.4","176.23","179.21","53,875,860"
"04/29/2020","173.22","177.68","171.88","177.43","51,286,560"
"04/28/2020","175.59","175.67","169.39","169.81","34,392,690"
"04/27/2020","176.59","176.9","173.3","174.05","33,194,380"
"04/24/2020","172.06","174.56","170.71","174.55","34,305,320"
"04/23/2020","174.11","175.06","170.91","171.42","32,790,800"
"04/22/2020","171.39","174","170.82","173.52","34,651,600"
"04/21/2020","173.5","173.6699","166.1102","167.82","56,203,750"
"04/20/2020","176.63","178.75","174.99","175.06","36,669,560"
"04/17/2020","179.5","180","175.87","178.6","52,765,630"
"04/16/2020","174.3","177.28","172.9","177.04","50,479,610"
"04/15/2020","171.2","173.57","169.24","171.88","40,940,830"
"04/14/2020","169","173.75","168","173.7","52,874,340"
"04/13/2020","164.35","165.57","162.3","165.51","41,905,260"
"04/09/2020","166.36","167.37","163.33","165.14","51,431,780"
"04/08/2020","165.67","166.67","163.5","165.13","48,318,230"
"04/07/2020","169.585","170","163.26","163.49","62,769,040"
"04/06/2020","160.32","166.5","157.58","165.27","67,111,700"
"04/03/2020","155.1","157.38","152.19","153.83","41,243,280"
"04/02/2020","151.86","155.48","150.36","155.26","49,630,740"
"04/01/2020","153","157.75","150.82","152.11","57,969,930"
"03/31/2020","159.4","164.78","156.56","157.71","77,927,190"
"03/30/2020","152.44","160.6","150.01","160.23","63,420,330"
"03/27/2020","151.75","154.89","149.2","149.7","57,042,290"
"03/26/2020","148.4","156.66","148.37","156.11","64,694,430"
"03/25/2020","148.91","154.33","144.44","146.92","75,638,220"
"03/24/2020","143.75","149.6","141.27","148.34","82,516,730"
"03/23/2020","137.01","140.57","132.52","135.98","78,975,180"
"03/20/2020","146","147.1","135.86","137.35","84,866,220"
"03/19/2020","142.77","150.15","139","142.71","85,922,660"
"03/18/2020","138","146","135.02","140.4","81,593,170"
"03/17/2020","140","147.4998","135","146.57","81,059,820"
"03/16/2020","140","149.35","135","135.42","87,905,870"
"03/13/2020","147.5","161.91","140.73","158.83","92,727,450"
"03/12/2020","145.3","153.47","138.58","139.06","93,226,370"
"03/11/2020","157.13","157.7","151.15","153.63","56,504,300"
"03/10/2020","158.16","161.03","152.58","160.92","65,354,390"
"03/09/2020","151","157.75","150","150.62","70,419,270"
"03/06/2020","162.61","163.11","156","161.57","72,821,060"
"03/05/2020","166.045","170.87","165.69","166.27","47,817,250"
"03/04/2020","168.485","170.7","165.62","170.55","49,814,380"
"03/03/2020","173.8","175","162.26","164.51","71,677,020"
"03/02/2020","165.31","172.92","162.31","172.79","71,030,810"
"02/28/2020","152.41","163.71","152","162.01","97,073,560"
"02/27/2020","163.32","167.03","157.98","158.18","93,174,910"
"02/26/2020","169.71","173.26","168.21","170.17","56,387,150"
"02/25/2020","174.2","174.84","167.6462","168.07","68,073,300"
"02/24/2020","167.77","174.55","163.23","170.89","68,311,070"
"02/21/2020","183.17","183.5","177.25","178.59","48,600,390"
"02/20/2020","186.95","187.25","181.1","184.42","36,862,380"
"02/19/2020","188.06","188.18","186.47","187.28","29,997,470"
"02/18/2020","185.605","187.7","185.5","187.23","27,853,110"
"02/14/2020","183.25","185.41","182.65","185.35","23,149,520"
"02/13/2020","183.08","186.23","182.872","183.71","35,295,830"
"02/12/2020","185.58","185.85","181.85","184.71","47,062,920"
"02/11/2020","190.65","190.7","183.5","184.44","53,159,910"
"02/10/2020","183.58","188.84","183.25","188.7","35,844,270"
"02/07/2020","182.845","185.63","182.48","183.89","33,529,070"
"02/06/2020","180.97","183.8199","180.059","183.63","27,751,380"
"02/05/2020","184.03","184.2","178.4101","179.9","39,186,320"
"02/04/2020","177.14","180.64","176.31","180.12","36,433,340"
"02/03/2020","170.43","174.5","170.4","174.38","30,149,050"
"01/31/2020","172.21","172.4","169.58","170.23","36,142,690"
"01/30/2020","174.05","174.05","170.79","172.78","51,597,470"
"01/29/2020","167.84","168.75","165.69","168.04","35,127,770"
"01/28/2020","163.78","165.755","163.073","165.46","24,899,940"
"01/27/2020","161.15","163.375","160.2","162.28","32,078,070"
"01/24/2020","167.51","167.53","164.45","165.04","24,918,120"
"01/23/2020","166.19","166.8","165.27","166.72","19,680,770"
"01/22/2020","167.4","167.49","165.68","165.7","24,138,780"
"01/21/2020","166.68","168.19","166.43","166.5","29,517,190"
"01/17/2020","167.42","167.4675","165.43","167.1","34,371,660"
"01/16/2020","164.35","166.24","164.03","166.17","23,865,360"
"01/15/2020","162.62","163.94","162.57","163.18","21,417,870"
"01/14/2020","163.39","163.6","161.72","162.13","23,500,780"
"01/13/2020","161.76","163.31","161.26","163.28","21,637,010"
"01/10/2020","162.824","163.22","161.18","161.34","20,733,950"
"01/09/2020","161.835","162.215","161.03","162.09","21,399,950"
"01/08/2020","158.93","160.8","157.9491","160.09","27,762,030"
"01/07/2020","159.32","159.67","157.32","157.58","21,881,740"
"01/06/2020","157.08","159.1","156.51","159.03","20,826,700"
"01/03/2020","158.32","159.945","158.06","158.62","21,121,680"
"01/02/2020","158.78","160.73","158.33","160.62","22,634,550"
"12/31/2019","156.77","157.77","156.45","157.7","18,393,380"
"12/30/2019","158.987","159.02","156.73","157.59","16,356,720"
"12/27/2019","159.45","159.55","158.22","158.96","18,414,350"
"12/26/2019","157.56","158.73","157.4","158.67","14,526,930"
"12/24/2019","157.48","157.71","157.115","157.38","8,989,150"
"12/23/2019","158.12","158.12","157.27","157.41","17,726,280"
"12/20/2019","157.35","158.49","156.29","157.41","53,599,610"
"12/19/2019","154","155.77","153.75","155.71","25,813,830"
"12/18/2019","154.3","155.48","154.18","154.37","24,132,380"
"12/17/2019","155.45","155.71","154.45","154.69","25,443,530"
"12/16/2019","155.11","155.9","154.82","155.53","24,152,770"
"12/13/2019","153.004","154.89","152.83","154.53","23,850,060"
"12/12/2019","151.65","153.44","151.02","153.24","24,645,370"
"12/11/2019","151.54","151.87","150.33","151.7","18,860,000"
"12/10/2019","151.29","151.89","150.765","151.13","16,481,060"
"12/09/2019","151.07","152.21","150.91","151.36","16,741,350"
"12/06/2019","150.99","151.87","150.27","151.75","16,410,400"
"12/05/2019","150.05","150.32","149.48","149.93","17,880,600"
"12/04/2019","150.14","150.1799","149.2","149.85","17,580,620"
"12/03/2019","147.49","149.43","146.65","149.31","25,192,150"
"12/02/2019","151.81","151.83","148.32","149.55","27,473,620"
"11/29/2019","152.1","152.3","151.28","151.38","11,977,300"
"11/27/2019","152.33","152.5","151.52","152.32","15,201,290"
"11/26/2019","151.36","152.42","151.32","152.03","24,635,100"
"11/25/2019","150","151.35","149.92","151.23","22,428,590"
"11/22/2019","150.07","150.3","148.82","149.59","15,841,680"
"11/21/2019","149.4","149.8","148.501","149.48","18,576,080"
"11/20/2019","150.31","150.84","148.46","149.62","25,720,060"
"11/19/2019","150.88","151.33","150.195","150.39","23,960,160"
"11/18/2019","150.07","150.55","148.98","150.34","21,554,760"
"11/15/2019","148.93","149.99","148.27","149.97","23,508,810"
"11/14/2019","147.02","148.41","147","148.06","19,755,100"
"11/13/2019","146.74","147.4625","146.28","147.31","17,444,230"
"11/12/2019","146.28","147.57","146.06","147.07","18,648,710"
"11/11/2019","145.34","146.42","144.73","146.11","14,370,180"
"11/08/2019","143.98","145.99","143.76","145.96","16,752,940"
"11/07/2019","143.84","144.88","143.77","144.26","17,786,720"
"11/06/2019","144.37","144.52","143.2","144.06","16,575,800"
"11/05/2019","144.97","145.02","143.905","144.46","18,250,170"
"11/04/2019","144.83","145","144.16","144.55","16,912,000"
"11/01/2019","144.26","144.42","142.965","143.72","33,128,370"
"10/31/2019","144.9","144.93","142.99","143.37","24,605,140"
"10/30/2019","143.52","145","142.79","144.61","18,496,590"
"10/29/2019","144.08","144.5","142.65","142.83","20,589,470"
"10/28/2019","144.4","145.67","143.51","144.19","35,280,140"
"10/25/2019","139.34","141.14","139.2","140.73","25,959,720"
"10/24/2019","139.39","140.42","138.67","139.94","37,278,400"
"10/23/2019","136.88","137.45","135.61","137.24","31,380,310"
"10/22/2019","138.97","140.01","136.26","136.37","27,935,270"
"10/21/2019","138.45","138.5","137.01","138.43","20,716,040"
"10/18/2019","139.76","140","136.56","137.41","32,284,430"
"10/17/2019","140.95","141.42","139.02","139.69","22,102,800"
"10/16/2019","140.79","140.99","139.53","140.41","20,841,690"
"10/15/2019","140.06","141.79","139.81","141.575","19,917,760"
"10/14/2019","139.69","140.29","139.52","139.55","13,591,640"
"10/11/2019","140.12","141.03","139.5","139.68","25,551,070"
"10/10/2019","138.49","139.6699","138.25","139.1","18,396,610"
"10/09/2019","137.46","138.7","136.97","138.24","20,178,480"
"10/08/2019","137.08","137.76","135.62","135.67","26,783,340"
"10/07/2019","137.14","138.18","137.02","137.12","16,601,280"
"10/04/2019","136.75","138.25","136.42","138.12","23,839,550"
"10/03/2019","134.95","136.75","133.22","136.28","26,379,800"
"10/02/2019","136.25","136.37","133.5799","134.65","32,001,760"
"10/01/2019","139.66","140.25","137","137.07","22,581,930"
"09/30/2019","138.05","139.215","137.78","139.03","18,430,390"
"09/27/2019","140.15","140.36","136.645","137.73","22,498,960"
"09/26/2019","139.44","140.18","138.44","139.54","17,813,510"
"09/25/2019","137.5","139.958","136.03","139.36","22,544,050"
"09/24/2019","140.36","140.69","136.88","137.38","30,016,670"
"09/23/2019","139.23","139.63","138.44","139.14","17,408,370"
"09/20/2019","141.01","141.65","138.25","139.44","40,040,770"
"09/19/2019","140.3","142.37","140.0736","141.07","36,095,410"
"09/18/2019","137.36","138.67","136.5299","138.52","24,473,390"
"09/17/2019","136.96","137.52","136.425","137.39","17,976,290"
"09/16/2019","135.83","136.7","135.66","136.33","16,731,440"
"09/13/2019","137.78","138.06","136.57","137.32","23,363,060"
"09/12/2019","137.85","138.42","136.87","137.52","27,009,980"
"09/11/2019","135.91","136.27","135.09","136.12","24,726,120"
"09/10/2019","136.8","136.8862","134.51","136.08","28,903,380"
"09/09/2019","139.59","139.75","136.46","137.52","25,773,930"
"09/06/2019","140.03","140.18","138.2","139.1","20,824,500"
"09/05/2019","139.11","140.3837","138.76","140.05","26,119,520"
"09/04/2019","137.3","137.69","136.48","137.63","18,015,310"
"09/03/2019","136.61","137.2","135.7","136.04","18,880,770"
"08/30/2019","139.15","139.18","136.27","137.86","23,946,120"
"08/29/2019","137.25","138.44","136.91","138.12","20,179,720"
"08/28/2019","134.88","135.76","133.55","135.56","17,410,830"
"08/27/2019","136.39","136.72","134.66","135.74","23,115,640"
"08/26/2019","134.99","135.56","133.9","135.45","20,325,270"
"08/23/2019","137.19","138.35","132.8","133.39","38,515,390"
"08/22/2019","138.66","139.2","136.29","137.78","18,709,660"
"08/21/2019","138.55","139.4935","138","138.79","14,982,310"
"08/20/2019","138.21","138.71","137.24","137.26","21,189,000"
"08/19/2019","137.855","138.55","136.885","138.41","24,370,540"
"08/16/2019","134.88","136.46","134.72","136.13","25,026,150"
"08/15/2019","134.39","134.58","132.25","133.68","28,125,420"
"08/14/2019","136.36","136.92","133.67","133.98","32,527,250"
"08/13/2019","136.05","138.8","135","138.6","25,496,590"
"08/12/2019","137.07","137.86","135.24","135.79","20,484,350"
"08/09/2019","138.61","139.38","136.46","137.71","23,466,700"
"08/08/2019","136.6","138.99","135.93","138.89","27,496,510"
"08/07/2019","133.79","135.65","131.8284","135.28","33,414,540"
"08/06/2019","133.8","135.68","133.21","134.69","32,696,650"
"08/05/2019","133.3","133.9298","130.78","132.21","42,749,550"
"08/02/2019","138.09","138.32","135.26","136.9","30,791,620"
"08/01/2019","137","140.9383","136.93","138.06","40,557,500"
"07/31/2019","140.33","140.49","135.08","136.27","38,598,790"
"07/30/2019","140.14","141.2199","139.8005","140.35","16,846,530"
"07/29/2019","141.5","141.51","139.3663","141.03","16,605,870"
"07/26/2019","140.37","141.675","140.3","141.34","19,037,600"
"07/25/2019","140.43","140.61","139.3215","140.19","18,356,880"
"07/24/2019","138.9","140.74","138.85","140.72","20,738,280"
"07/23/2019","139.76","139.99","138.03","139.29","18,034,590"
"07/22/2019","137.41","139.19","137.33","138.43","25,080,760"
"07/19/2019","140.22","140.67","136.45","136.62","48,992,360"
"07/18/2019","135.55","136.62","134.67","136.42","30,808,710"
"07/17/2019","137.7","137.93","136.22","136.27","20,210,960"
"07/16/2019","138.96","139.05","136.52","137.08","22,726,130"
"07/15/2019","139.44","139.54","138.46","138.9","16,651,460"
"07/12/2019","138.85","139.13","138.0099","138.9","18,936,830"
"07/11/2019","138.2","139.22","137.87","138.4","22,327,940"
"07/10/2019","137.13","138.58","137.02","137.85","24,204,360"
"07/09/2019","136","136.97","135.8","136.46","19,953,100"
"07/08/2019","136.4","137.1","135.3701","136.96","16,779,750"
"07/05/2019","135.94","137.33","135.72","137.06","18,141,140"
"07/03/2019","136.8","137.74","136.295","137.46","13,629,300"
"07/02/2019","136.12","136.59","135.34","136.58","15,237,840"
"07/01/2019","136.63","136.7","134.97","135.68","22,654,160"
"06/28/2019","134.57","134.6","133.1558","133.96","30,042,970"
"06/27/2019","134.14","134.71","133.51","134.15","16,557,480"
"06/26/2019","134.35","135.74","133.6","133.93","23,657,750"
"06/25/2019","137.25","137.59","132.73","133.43","33,327,420"
"06/24/2019","137","138.4","137","137.78","20,628,840"
"06/21/2019","136.58","137.73","136.46","136.97","36,727,890"
"06/20/2019","137.45","137.66","135.72","136.95","33,042,590"
"06/19/2019","135","135.93","133.81","135.69","23,744,440"
"06/18/2019","134.19","135.24","133.57","135.16","25,934,460"
"06/17/2019","132.63","133.73","132.53","132.85","14,517,790"
"06/14/2019","132.26","133.79","131.64","132.45","17,821,700"
"06/13/2019","131.98","132.67","131.56","132.32","17,200,850"
"06/12/2019","131.4","131.97","130.71","131.49","17,092,460"
"06/11/2019","133.88","134.24","131.2757","132.1","23,913,730"
"06/10/2019","132.4","134.08","132","132.6","26,477,100"
"06/07/2019","129.19","132.25","128.26","131.4","33,885,590"
"06/06/2019","126.44","127.97","125.6","127.82","21,458,960"
"06/05/2019","124.95","125.87","124.21","125.83","24,926,140"
"06/04/2019","121.28","123.28","120.6522","123.16","29,382,640"
"06/03/2019","123.85","124.37","119.01","119.84","37,983,640"
"05/31/2019","124.23","124.615","123.32","123.68","26,646,770"
"05/30/2019","125.26","125.76","124.78","125.73","16,829,610"
"05/29/2019","125.38","125.39","124.04","124.94","22,763,140"
"05/28/2019","126.98","128","126.05","126.16","23,128,360"
"05/24/2019","126.91","127.415","125.97","126.24","14,123,360"
"05/23/2019","126.2","126.29","124.74","126.18","23,603,810"
"05/22/2019","126.62","128.24","126.52","127.67","15,396,490"
"05/21/2019","127.43","127.5273","126.58","126.9","15,293,260"
"05/20/2019","126.52","127.5894","125.7607","126.22","23,706,930"
"05/17/2019","128.305","130.46","127.92","128.07","25,770,540"
"05/16/2019","126.75","129.38","126.46","128.93","30,112,220"
"05/15/2019","124.26","126.71","123.7","126.02","24,722,710"
"05/14/2019","123.87","125.88","123.7","124.73","25,266,320"
"05/13/2019","124.11","125.55","123.04","123.35","33,944,920"
"05/10/2019","124.91","127.93","123.82","127.13","30,915,080"
"05/09/2019","124.29","125.79","123.57","125.5","27,235,840"
"05/08/2019","125.44","126.37","124.75","125.51","28,419,000"
"05/07/2019","126.46","127.18","124.22","125.52","36,017,660"
"05/06/2019","126.39","128.56","126.11","128.15","24,239,460"
"05/03/2019","127.36","129.43","127.25","128.9","24,911,130"
"05/02/2019","127.98","128","125.52","126.21","27,350,160"
"05/01/2019","130.53","130.65","127.7","127.88","26,821,690"
"04/30/2019","129.81","130.7","129.3947","130.6","24,041,490"
"04/29/2019","129.9","130.18","129.35","129.77","16,179,580"
"04/26/2019","129.7","130.5152","129.02","129.89","23,306,180"
"04/25/2019","130.06","131.37","128.83","129.15","37,927,120"
"04/24/2019","125.79","125.85","124.52","125.01","29,919,920"
"04/23/2019","124.1","125.58","123.83","125.44","23,539,620"
"04/22/2019","122.62","124","122.57","123.76","14,825,150"
"04/18/2019","122.19","123.52","121.3018","123.37","27,651,970"
"04/17/2019","121.24","121.85","120.54","121.77","19,012,080"
"04/16/2019","121.64","121.65","120.1","120.77","14,054,870"
"04/15/2019","120.94","121.58","120.57","121.05","15,526,260"
"04/12/2019","120.64","120.98","120.37","120.95","19,719,730"
"04/11/2019","120.54","120.85","119.92","120.33","13,758,010"
"04/10/2019","119.76","120.35","119.54","120.19","14,540,330"
"04/09/2019","118.63","119.54","118.58","119.28","17,275,470"
"04/08/2019","119.81","120.02","118.64","119.93","15,113,170"
"04/05/2019","119.39","120.23","119.37","119.89","15,737,990"
"04/04/2019","120.1","120.23","118.38","119.36","20,090,610"
"04/03/2019","119.86","120.43","119.15","119.97","22,354,020"
"04/02/2019","119.06","119.48","118.52","119.19","16,413,430"
"04/01/2019","118.95","119.1085","118.1","119.02","19,885,780"
"03/29/2019","118.07","118.32","116.96","117.94","25,375,220"
"03/28/2019","117.44","117.58","116.13","116.93","17,527,550"
"03/27/2019","117.875","118.21","115.5215","116.77","22,669,440"
"03/26/2019","118.62","118.705","116.85","117.91","25,986,230"
"03/25/2019","116.56","118.01","116.3224","117.66","26,641,480"
"03/22/2019","119.5","119.59","117.04","117.05","32,346,990"
"03/21/2019","117.135","120.82","117.09","120.22","29,747,140"
"03/20/2019","117.39","118.75","116.71","117.52","26,110,540"
"03/19/2019","118.09","118.44","116.99","117.65","35,304,130"
"03/18/2019","116.17","117.61","116.05","117.57","31,098,780"
"03/15/2019","115.34","117.25","114.59","115.91","54,025,470"
"03/14/2019","114.54","115.2","114.33","114.59","30,414,810"
"03/13/2019","114.13","115","113.78","114.5","35,311,160"
"03/12/2019","112.82","113.99","112.6499","113.62","26,103,480"
"03/11/2019","110.99","112.95","110.98","112.83","24,525,610"
"03/08/2019","109.16","110.71","108.8","110.51","22,803,110"
"03/07/2019","111.4","111.55","109.865","110.39","25,320,540"
"03/06/2019","111.87","112.66","111.43","111.75","17,651,130"
"03/05/2019","112.25","112.39","111.23","111.7","19,090,780"
"03/04/2019","113.02","113.25","110.8","112.26","25,869,380"
"03/01/2019","112.89","113.02","111.665","112.53","20,821,260"
"02/28/2019","112.04","112.88","111.73","112.03","28,948,570"
"02/27/2019","111.69","112.36","110.88","112.17","21,471,170"
"02/26/2019","111.26","113.24","111.17","112.36","21,513,210"
"02/25/2019","111.76","112.18","111.26","111.59","23,723,500"
"02/22/2019","110.05","111.2","109.82","110.97","27,746,840"
"02/21/2019","106.9","109.48","106.87","109.41","28,856,200"
"02/20/2019","107.86","107.94","106.29","107.15","21,603,580"
"02/19/2019","107.79","108.66","107.78","108.17","17,982,860"
"02/15/2019","107.91","108.3","107.3624","108.22","26,589,160"
"02/14/2019","106.31","107.29","105.66","106.9","21,745,770"
"02/13/2019","107.5","107.78","106.71","106.81","18,337,830"
"02/12/2019","106.14","107.14","105.48","106.89","25,018,670"
"02/11/2019","106.2","106.58","104.965","105.25","18,753,750"
"02/08/2019","104.39","105.78","104.2603","105.67","21,453,990"
"02/07/2019","105.185","105.59","104.29","105.27","29,735,930"
"02/06/2019","107","107","105.53","106.03","20,577,980"
"02/05/2019","106.06","107.27","105.96","107.22","27,270,810"
"02/04/2019","102.87","105.8","102.77","105.74","31,216,260"
"02/01/2019","103.775","104.0999","102.35","102.78","35,243,730"
"01/31/2019","103.8","105.22","103.18","104.43","55,442,870"
"01/30/2019","104.62","106.38","104.33","106.38","47,203,190"
"01/29/2019","104.88","104.97","102.17","102.94","31,262,200"
"01/28/2019","106.26","106.48","104.66","105.08","29,402,020"
"01/25/2019","107.24","107.88","106.59","107.17","31,182,240"
"01/24/2019","106.86","107","105.34","106.2","23,125,910"
"01/23/2019","106.12","107.04","105.34","106.71","25,512,110"
"01/22/2019","106.75","107.1","104.86","105.68","32,092,050"
"01/18/2019","107.46","107.9","105.91","107.71","37,299,850"
"01/17/2019","105","106.625","104.76","106.12","27,151,570"
"01/16/2019","105.26","106.255","104.96","105.38","29,655,860"
"01/15/2019","102.51","105.05","101.88","105.01","31,537,490"
"01/14/2019","101.9","102.8716","101.26","102.05","27,194,560"
"01/11/2019","103.19","103.44","101.64","102.8","28,235,260"
"01/10/2019","103.22","103.75","102.38","103.6","29,978,930"
"01/09/2019","103.86","104.88","103.2445","104.27","32,261,890"
"01/08/2019","103.04","103.97","101.7134","102.8","31,322,920"
"01/07/2019","101.64","103.2681","100.98","102.06","35,567,820"
"01/04/2019","99.72","102.51","98.93","101.93","43,982,700"
"01/03/2019","100.1","100.185","97.2","97.4","42,111,650"
"01/02/2019","99.55","101.75","98.94","101.12","35,145,360"
"12/31/2018","101.29","102.4","100.44","101.57","33,161,320"
"12/28/2018","102.09","102.41","99.52","100.39","38,160,810"
"12/27/2018","99.3","101.19","96.4","101.18","49,162,950"
"12/26/2018","95.14","100.69","93.96","100.56","51,330,280"
"12/24/2018","97.68","97.97","93.98","94.13","43,935,190"
"12/21/2018","101.63","103","97.46","98.23","110,945,000"
"12/20/2018","103.05","104.31","98.78","101.51","70,221,500"
"12/19/2018","103.65","106.88","101.35","103.69","68,110,780"
"12/18/2018","103.75","104.51","102.52","103.97","48,033,550"
"12/17/2018","105.41","105.8","101.71","102.89","56,837,160"
"12/14/2018","108.25","109.26","105.5","106.03","46,961,130"
"12/13/2018","109.58","110.87","108.63","109.45","30,600,890"
"12/12/2018","110.89","111.27","109.04","109.08","36,169,700"
"12/11/2018","109.8","110.95","107.44","108.59","42,342,240"
"12/10/2018","104.8","107.98","103.89","107.59","40,463,870"
"12/07/2018","108.38","109.45","104.3","104.82","44,391,210"
"12/06/2018","105.82","109.24","105","109.19","47,866,160"
"12/04/2018","111.94","112.6373","108.2115","108.52","44,572,140"
"12/03/2018","113","113.42","110.73","112.09","34,293,960"
"11/30/2018","110.7","110.97","109.36","110.89","33,652,230"
"11/29/2018","110.33","111.115","109.03","110.19","27,792,540"
"11/28/2018","107.89","111.33","107.86","111.12","46,132,310"
"11/27/2018","106.27","107.33","105.36","107.14","29,063,180"
"11/26/2018","104.79","106.63","104.58","106.47","32,258,530"
"11/23/2018","102.17","103.8099","102","103.07","13,823,100"
"11/21/2018","103.6","104.43","102.24","103.11","28,121,990"
"11/20/2018","101.8","102.97","99.3528","101.71","63,988,520"
"11/19/2018","108.27","108.56","103.55","104.62","43,324,610"
"11/16/2018","107.08","108.88","106.8","108.29","33,494,830"
"11/15/2018","104.99","107.8","103.91","107.28","38,430,970"
"11/14/2018","108.1","108.26","104.47","104.97","39,451,290"
"11/13/2018","107.55","108.74","106.64","106.94","35,360,680"
"11/12/2018","109.42","109.96","106.1","106.87","33,595,910"
"11/09/2018","110.85","111.45","108.76","109.57","32,011,930"
"11/08/2018","111.8","112.21","110.91","111.75","25,479,410"
"11/07/2018","109.44","112.24","109.4","111.96","37,864,220"
"11/06/2018","107.38","108.84","106.28","107.72","24,217,640"
"11/05/2018","106.37","107.74","105.9","107.51","27,908,600"
"11/02/2018","106.48","107.32","104.975","106.16","37,591,700"
"11/01/2018","107.05","107.32","105.53","105.92","33,243,300"
"10/31/2018","105.435","108.14","105.39","106.81","51,042,220"
"10/30/2018","103.66","104.38","100.11","103.73","65,273,360"
"10/29/2018","108.105","108.7","101.63","103.85","55,101,300"
"10/26/2018","105.69","108.75","104.76","106.96","55,480,820"
"10/25/2018","106.55","109.27","106.15","108.3","61,550,620"
"10/24/2018","108.41","108.49","101.5901","102.32","63,236,450"
"10/23/2018","107.77","108.97","105.11","108.1","43,531,680"
"10/22/2018","109.32","110.54","108.24","109.63","26,484,510"
"10/19/2018","108.93","110.86","108.21","108.66","32,751,070"
"10/18/2018","110.1","110.53","107.83","108.5","31,794,350"
"10/17/2018","111.68","111.81","109.5482","110.71","25,873,980"
"10/16/2018","109.54","111.41","108.95","111","31,154,210"
"10/15/2018","108.91","109.48","106.9468","107.6","32,001,580"
"10/12/2018","109.01","111.24","107.12","109.57","46,718,940"
"10/11/2018","105.35","108.93","104.2","105.91","63,629,560"
"10/10/2018","111.24","111.5","105.79","106.16","60,560,740"
"10/09/2018","111.14","113.08","110.8","112.26","26,187,200"
"10/08/2018","111.66","112.03","109.34","110.85","29,477,750"
"10/05/2018","112.63","113.17","110.64","112.13","29,062,670"
"10/04/2018","114.61","114.7588","111.63","112.79","34,475,710"
"10/03/2018","115.42","116.18","114.93","115.17","16,130,010"
"10/02/2018","115.3","115.84","114.44","115.15","20,180,030"
"10/01/2018","114.75","115.68","114.73","115.61","18,610,500"
"09/28/2018","114.19","114.57","113.68","114.37","20,525,950"
"09/27/2018","114.78","114.91","114.2","114.41","19,053,590"
"09/26/2018","114.47","115.055","113.74","113.98","19,322,530"
"09/25/2018","114.8","115.1","113.75","114.45","20,782,110"
"09/24/2018","113.03","114.9","112.2175","114.67","25,273,510"
"09/21/2018","114","115.29","113.51","114.26","70,363,000"
"09/20/2018","112.28","113.8","111.93","113.57","23,667,500"
"09/19/2018","113.05","113.32","111.035","111.7","21,663,020"
"09/18/2018","112.19","113.695","111.72","113.21","22,114,560"
"09/17/2018","113.69","113.7","111.86","112.14","20,332,830"
"09/14/2018","113.36","113.73","112.44","113.37","18,261,950"
"09/13/2018","112.12","113.725","112.12","112.91","25,107,230"
"09/12/2018","111.43","111.85","110.51","111.71","18,855,340"
"09/11/2018","108.9","111.59","108.89","111.24","24,081,240"
"09/10/2018","108.84","109.64","108.36","109.38","19,887,280"
"09/07/2018","108.23","108.7248","107.23","108.21","22,273,530"
"09/06/2018","108.25","108.99","107.51","108.74","23,226,430"
"09/05/2018","111.01","111.42","108.1","108.49","32,838,650"
"09/04/2018","110.85","111.955","110.22","111.71","22,558,040"
"08/31/2018","111.685","112.777","111.515","112.33","23,217,310"
"08/30/2018","111.67","112.61","111.44","111.95","22,759,640"
"08/29/2018","110.45","112.03","110.27","112.02","20,747,500"
"08/28/2018","109.94","110.5","109.79","110.26","19,144,860"
"08/27/2018","109.27","109.64","108.51","109.6","19,439,380"
"08/24/2018","107.67","108.56","107.56","108.4","17,188,010"
"08/23/2018","107.15","108.18","106.87","107.56","17,996,860"
"08/22/2018","105.85","107.34","105.78","107.06","17,878,840"
"08/21/2018","106.92","107.35","105.85","105.98","22,825,830"
"08/20/2018","107.51","107.9","106.48","106.87","17,327,110"
"08/17/2018","107.36","107.9","106.69","107.58","18,051,970"
"08/16/2018","108.3","108.86","107.3","107.64","20,687,500"
"08/15/2018","108.49","108.985","106.82","107.66","29,947,600"
"08/14/2018","108.56","109.75","108.04","109.56","16,777,990"
"08/13/2018","109.24","109.58","108.1","108.21","18,470,690"
"08/10/2018","109.42","109.69","108.38","109","18,171,350"
"08/09/2018","109.71","110.16","109.6","109.67","13,634,510"
"08/08/2018","109.33","109.75","108.7599","109.49","15,461,420"
"08/07/2018","108.56","109.1","108.17","108.88","16,070,070"
"08/06/2018","108.12","108.42","107.559","108.13","20,234,680"
"08/03/2018","107.8","108.05","106.82","108.04","18,629,310"
"08/02/2018","105.4","108.09","104.84","107.57","26,080,740"
"08/01/2018","106.03","106.446","105.42","106.28","23,617,980"
"07/31/2018","106.49","106.72","105.38","106.08","27,181,070"
"07/30/2018","107.19","107.53","104.76","105.37","34,495,720"
"07/27/2018","110.18","110.18","106.14","107.68","36,916,780"
"07/26/2018","110.74","111","109.5","109.62","31,332,820"
"07/25/2018","107.955","111.15","107.6","110.83","30,586,770"
"07/24/2018","108.57","108.82","107.26","107.66","26,308,190"
"07/23/2018","106.3","108.14","106.13","107.97","29,226,800"
"07/20/2018","108.08","108.2","106.08","106.27","55,999,890"
"07/19/2018","104.93","105.31","103.89","104.4","38,193,270"
"07/18/2018","105.94","106.05","104.715","105.12","29,055,780"
"07/17/2018","104.61","106.5","104.32","105.95","25,864,500"
"07/16/2018","105.4","105.82","104.515","104.91","20,782,300"
"07/13/2018","104.37","105.6","104.09","105.43","24,578,340"
"07/12/2018","102.77","104.41","102.73","104.19","24,270,690"
"07/11/2018","101.15","102.34","101.1","101.98","19,278,720"
"07/10/2018","102","102.51","101.86","102.12","19,180,850"
"07/09/2018","101.645","102.25","101.251","101.85","16,410,950"
"07/06/2018","99.885","101.43","99.67","101.16","18,238,570"
"07/05/2018","99.5","99.92","99.0299","99.76","18,583,280"
"07/03/2018","100.48","100.63","98.94","99.05","14,670,280"
"07/02/2018","98.1","100.06","98","100.01","18,850,500"
"06/29/2018","98.93","99.91","98.33","98.61","27,553,700"
"06/28/2018","97.38","99.11","97.26","98.63","26,643,410"
"06/27/2018","99.58","100.02","97.4","97.54","31,280,700"
"06/26/2018","98.82","100.08","98.75","99.08","26,551,930"
"06/25/2018","100","100.11","97.3","98.39","35,422,640"
"06/22/2018","100.41","100.77","99.625","100.41","38,869,490"
"06/21/2018","102.075","102.46","100.88","101.14","21,812,100"
"06/20/2018","101.37","102.52","101.12","101.87","26,177,810"
"06/19/2018","99.65","101","99.5","100.86","27,633,590"
"06/18/2018","100.01","101.11","99.42","100.86","22,760,070"
"06/15/2018","101.51","101.53","100.07","100.13","65,663,130"
"06/14/2018","101.65","102.03","101","101.42","25,405,900"
"06/13/2018","101.72","102.01","100.56","100.85","28,698,040"
"06/12/2018","101.1","101.4493","100.75","101.31","18,072,860"
"06/11/2018","101.37","101.59","100.67","101.05","22,773,270"
"06/08/2018","101.092","101.95","100.54","101.63","22,151,500"
"06/07/2018","102.65","102.69","100.38","100.88","28,149,340"
"06/06/2018","102.48","102.6","101.9","102.49","21,112,450"
"06/05/2018","102","102.33","101.53","102.19","23,484,820"
"06/04/2018","101.26","101.86","100.851","101.67","27,173,310"
"06/01/2018","99.28","100.86","99.17","100.79","28,615,930"
"05/31/2018","99.29","99.99","98.61","98.84","34,117,650"
"05/30/2018","98.31","99.25","97.91","98.95","21,899,560"
"05/29/2018","97.84","98.88","97.23","98.01","28,395,290"
"05/25/2018","98.3","98.98","97.86","98.36","17,942,630"
"05/24/2018","98.725","98.94","96.81","98.31","26,637,580"
"05/23/2018","96.71","98.73","96.32","98.66","21,119,770"
"05/22/2018","97.68","98.17","97.2","97.5","15,438,990"
"05/21/2018","97","98.01","96.8","97.6","18,996,380"
"05/18/2018","96.01","96.93","96.01","96.36","17,543,940"
"05/17/2018","96.76","97.5401","95.83","96.18","17,167,840"
"05/16/2018","97.36","97.4","96.615","97.15","17,371,190"
"05/15/2018","97.24","97.85","96.34","97.32","24,584,910"
"05/14/2018","97.92","98.69","97.31","98.03","19,447,690"
"05/11/2018","97.8","97.87","97.04","97.7","16,759,750"
"05/10/2018","97.46","97.95","97.05","97.91","22,341,300"
"05/09/2018","96.01","96.97","95.05","96.94","27,279,420"
"05/08/2018","95.8456","96.16","95.0631","95.81","22,764,250"
"05/07/2018","95.17","96.71","95.1","96.22","23,591,080"
"05/04/2018","93.32","95.37","92.92","95.16","22,243,660"
"05/03/2018","92.96","94.925","92.45","94.07","31,071,660"
"05/02/2018","94.99","95.17","93.19","93.51","27,459,080"
"05/01/2018","93.21","95.29","92.79","95","31,400,270"
"04/30/2018","96.33","96.3964","93.15","93.52","41,196,050"
"04/27/2018","97.6","97.9","93.91","95.82","48,037,250"
"04/26/2018","93.55","95.15","93.1","94.26","41,085,820"
"04/25/2018","93.3","93.3","90.28","92.31","33,622,300"
"04/24/2018","96.242","96.47","92.41","93.12","34,495,820"
"04/23/2018","95.744","96.29","94.63","95.35","22,243,560"
"04/20/2018","95.91","96.11","94.05","95","31,135,830"
"04/19/2018","96.44","97.07","95.34","96.11","23,540,730"
"04/18/2018","96.22","96.72","95.52","96.44","21,024,010"
"04/17/2018","95","96.54","94.88","96.07","25,700,050"
"04/16/2018","94.07","94.66","93.42","94.17","20,278,000"
"04/13/2018","94.05","94.18","92.44","93.08","23,332,360"
"04/12/2018","92.43","94.16","92.43","93.58","26,684,870"
"04/11/2018","92.01","93.29","91.48","91.86","24,849,510"
"04/10/2018","92.39","93.28","91.64","92.88","26,885,740"
"04/09/2018","91.04","93.17","90.62","90.77","31,508,070"
"04/06/2018","91.49","92.46","89.48","90.23","37,809,230"
"04/05/2018","92.435","93.065","91.4","92.38","29,686,720"
"04/04/2018","87.85","92.76","87.73","92.33","35,479,140"
"04/03/2018","89.575","90.05","87.89","89.71","37,188,830"
"04/02/2018","90.47","90.88","87.51","88.52","48,473,940"
"03/29/2018","90.18","92.29","88.4","91.27","45,763,610"
"03/28/2018","89.82","91.23","88.873","89.39","52,235,580"
"03/27/2018","94.94","95.139","88.51","89.47","55,091,770"
"03/26/2018","90.61","94","90.4","93.78","56,261,750"
"03/23/2018","89.5","90.46","87.08","87.18","43,857,770"
"03/22/2018","91.265","91.75","89.66","89.79","38,354,400"
"03/21/2018","92.93","94.05","92.21","92.48","24,173,600"
"03/20/2018","93.05","93.77","93","93.13","22,402,330"
"03/19/2018","93.74","93.9","92.11","92.89","32,317,260"
"03/16/2018","94.68","95.38","93.92","94.6","49,067,150"
"03/15/2018","93.53","94.58","92.83","94.18","27,317,810"
"03/14/2018","95.12","95.41","93.5","93.85","31,971,520"
"03/13/2018","97","97.24","93.97","94.41","34,794,600"
"03/12/2018","96.5","97.21","96.04","96.77","26,042,460"
"03/09/2018","95.29","96.54","95","96.54","36,913,460"
"03/08/2018","94.27","95.1","93.765","94.43","26,957,790"
"03/07/2018","93.16","93.9406","92.43","93.86","26,458,530"
"03/06/2018","94.34","94.49","92.941","93.32","21,884,540"
"03/05/2018","92.34","94.27","92.26","93.64","23,787,950"
"03/02/2018","91.58","93.15","90.86","93.05","32,815,660"
"03/01/2018","93.99","94.57","91.84","92.85","36,979,700"
"02/28/2018","94.84","95.705","93.63","93.77","30,011,960"
"02/27/2018","95.74","95.84","94.2","94.2","25,842,000"
"02/26/2018","94.4","95.45","94.25","95.42","30,167,890"
"02/23/2018","92.75","94.07","92.36","94.06","26,294,200"
"02/22/2018","92.05","92.73","91.36","91.73","23,613,350"
"02/21/2018","92.98","93.3595","91.49","91.49","26,664,100"
"02/20/2018","91.475","93.06","91.01","92.72","30,325,530"
"02/16/2018","92.45","93.5","91.8","92","30,580,470"
"02/15/2018","91.21","92.72","90.62","92.66","27,523,410"
"02/14/2018","88.51","90.99","88.41","90.81","34,825,510"
"02/13/2018","88.93","90","87.8","89.83","26,320,030"
"02/12/2018","88.735","89.78","87.9295","89.13","35,657,250"
"02/09/2018","86.3","88.93","83.83","88.18","63,470,240"
"02/08/2018","89.71","89.875","84.76","85.01","55,247,060"
"02/07/2018","90.49","91.77","89.2","89.61","41,082,380"
"02/06/2018","86.89","91.475","85.25","91.33","67,970,920"
"02/05/2018","90.56","93.24","88","88","50,588,980"
"02/02/2018","93.64","93.97","91.5","91.78","47,484,680"
"02/01/2018","94.79","96.07","93.5813","94.26","46,866,010"
"01/31/2018","93.75","95.4","93.51","95.01","47,448,270"
"01/30/2018","93.3","93.66","92.1","92.74","37,310,120"
"01/29/2018","95.14","95.45","93.72","93.92","31,521,680"
"01/26/2018","93.12","94.06","92.58","94.06","28,964,890"
"01/25/2018","92.465","93.24","91.93","92.33","26,099,100"
"01/24/2018","92.55","93.43","91.58","91.82","32,735,410"
"01/23/2018","91.9","92.3","91.54","91.9","23,014,000"
"01/22/2018","90","91.62","89.74","91.61","23,511,170"
"01/19/2018","90.14","90.61","89.66","90","35,612,750"
"01/18/2018","89.8","90.67","89.66","90.1","24,138,250"
"01/17/2018","89.08","90.28","88.75","90.14","25,617,320"
"01/16/2018","90.1","90.79","88.0104","88.35","36,584,400"
"01/12/2018","88.67","89.78","88.45","89.6","24,261,620"
"01/11/2018","88.13","88.13","87.24","88.08","17,699,700"
"01/10/2018","87.86","88.19","87.41","87.82","18,639,390"
"01/09/2018","88.65","88.7272","87.86","88.22","19,466,220"
"01/08/2018","88.2","88.58","87.6046","88.28","22,110,230"
"01/05/2018","87.66","88.41","87.43","88.19","23,400,070"
"01/04/2018","86.59","87.66","86.57","87.11","21,904,860"
"01/03/2018","86.055","86.51","85.97","86.35","25,979,960"
"01/02/2018","86.125","86.31","85.5","85.95","22,122,680"
"12/29/2017","85.63","86.05","85.5","85.54","18,547,840"
"12/28/2017","85.9","85.93","85.55","85.72","10,589,110"
"12/27/2017","85.65","85.98","85.215","85.71","14,662,250"
"12/26/2017","85.31","85.5346","85.03","85.4","9,883,700"
"12/22/2017","85.4","85.63","84.92","85.51","14,071,140"
"12/21/2017","86.05","86.1","85.4","85.5","17,939,970"
"12/20/2017","86.2","86.3","84.71","85.52","23,584,190"
"12/19/2017","86.35","86.35","85.27","85.83","23,339,920"
"12/18/2017","87.12","87.4999","86.23","86.38","22,278,960"
"12/15/2017","85.26","87.09","84.88","86.85","53,921,240"
"12/14/2017","85.43","85.8739","84.53","84.69","19,302,690"
"12/13/2017","85.74","86","85.17","85.35","21,708,830"
"12/12/2017","85.31","86.05","85.08","85.58","23,821,210"
"12/11/2017","84.29","85.37","84.12","85.23","21,446,720"
"12/08/2017","83.63","84.58","83.33","84.16","24,027,610"
"12/07/2017","82.54","82.8","82","82.49","23,170,300"
"12/06/2017","81.55","83.14","81.43","82.78","24,876,890"
"12/05/2017","81.34","82.68","80.9801","81.59","26,144,410"
"12/04/2017","84.42","84.4299","80.7","81.08","39,084,990"
"12/01/2017","83.6","84.81","83.22","84.26","29,387,350"
"11/30/2017","83.51","84.52","83.34","84.17","32,998,560"
"11/29/2017","84.71","84.9172","83.175","83.34","27,358,660"
"11/28/2017","84.07","85.06","84.02","84.88","21,897,340"
"11/27/2017","83.31","83.98","83.3","83.87","17,721,740"
"11/24/2017","83.01","83.43","82.78","83.26","7,425,603"
"11/22/2017","83.83","83.9","83.04","83.11","20,550,600"
"11/21/2017","82.74","83.84","82.74","83.72","21,195,610"
"11/20/2017","82.4","82.59","82.25","82.53","16,128,540"
"11/17/2017","83.12","83.12","82.24","82.4","22,075,340"
"11/16/2017","83.1","83.42","82.94","83.2","20,957,350"
"11/15/2017","83.47","83.69","82.69","82.98","19,337,370"
"11/14/2017","83.5","84.1","82.98","84.05","18,759,800"
"11/13/2017","83.66","83.94","83.46","83.93","14,185,670"
"11/10/2017","83.79","84.095","83.23","83.87","19,395,240"
"11/09/2017","84.11","84.27","82.9","84.09","21,174,120"
"11/08/2017","84.14","84.61","83.83","84.56","18,027,540"
"11/07/2017","84.77","84.9","83.93","84.27","17,927,430"
"11/06/2017","84.2","84.7","84.0825","84.47","19,852,030"
"11/03/2017","84.08","84.54","83.4","84.14","17,629,140"
"11/02/2017","83.35","84.46","83.12","84.05","23,980,410"
"11/01/2017","83.68","83.76","82.88","83.18","22,278,730"
"10/31/2017","84.36","84.36","83.11","83.18","26,949,400"
"10/30/2017","83.7","84.325","83.105","83.89","31,749,180"
"10/27/2017","84.37","86.2","83.61","83.81","71,022,110"
"10/26/2017","79.2","79.42","78.75","78.76","31,527,350"
"10/25/2017","78.58","79.1","78.01","78.63","20,377,380"
"10/24/2017","78.9","79.2","78.46","78.86","17,353,840"
"10/23/2017","78.99","79.34","78.76","78.83","20,609,800"
"10/20/2017","78.32","78.97","78.22","78.81","22,851,290"
"10/19/2017","77.57","77.93","77.35","77.91","15,080,780"
"10/18/2017","77.67","77.85","77.37","77.61","13,288,960"
"10/17/2017","77.47","77.62","77.25","77.59","16,072,320"
"10/16/2017","77.42","77.81","77.35","77.65","12,361,880"
"10/13/2017","77.59","77.87","77.29","77.49","15,319,310"
"10/12/2017","76.49","77.29","76.37","77.12","17,268,390"
"10/11/2017","76.36","76.46","75.95","76.42","15,378,030"
"10/10/2017","76.33","76.63","76.14","76.29","13,939,430"
"10/09/2017","75.97","76.55","75.86","76.29","11,386,390"
"10/06/2017","75.67","76.03","75.54","76","13,946,480"
"10/05/2017","75.22","76.12","74.96","75.97","21,176,990"
"10/04/2017","74","74.72","73.71","74.69","13,295,060"
"10/03/2017","74.67","74.88","74.195","74.26","12,186,560"
"10/02/2017","74.71","75.01","74.295","74.61","15,296,380"
"09/29/2017","73.94","74.535","73.88","74.49","16,989,330"
"09/28/2017","73.54","73.97","73.31","73.87","10,879,150"
"09/27/2017","73.55","74.17","73.17","73.85","19,487,260"
"09/26/2017","73.67","73.81","72.99","73.26","17,270,990"
"09/25/2017","74.09","74.25","72.92","73.26","24,131,960"
"09/22/2017","73.99","74.51","73.85","74.41","14,095,440"
"09/21/2017","75.11","75.24","74.11","74.21","19,172,840"
"09/20/2017","75.35","75.55","74.31","74.94","20,789,800"
"09/19/2017","75.21","75.71","75.01","75.44","15,769,510"
"09/18/2017","75.23","75.97","75.04","75.16","23,305,610"
"09/15/2017","74.83","75.39","74.07","75.31","38,515,230"
"09/14/2017","75","75.49","74.52","74.77","15,695,470"
"09/13/2017","74.93","75.23","74.55","75.21","13,353,930"
"09/12/2017","74.76","75.24","74.37","74.68","14,387,100"
"09/11/2017","74.31","74.945","74.31","74.76","17,900,360"
"09/08/2017","74.33","74.44","73.84","73.98","14,703,700"
"09/07/2017","73.68","74.6","73.6","74.34","17,468,290"
"09/06/2017","73.74","74.04","73.35","73.4","16,525,320"
"09/05/2017","73.34","73.89","72.98","73.61","22,234,340"
"09/01/2017","74.71","74.74","73.64","73.94","21,713,620"
"08/31/2017","74.03","74.96","73.8","74.77","27,645,380"
"08/30/2017","73.01","74.2099","72.8293","74.01","16,892,790"
"08/29/2017","72.25","73.16","72.05","73.05","11,470,410"
"08/28/2017","73.06","73.09","72.55","72.83","14,558,700"
"08/25/2017","72.86","73.35","72.48","72.82","12,790,300"
"08/24/2017","72.74","72.86","72.07","72.69","17,097,240"
"08/23/2017","72.96","73.15","72.53","72.72","13,758,650"
"08/22/2017","72.35","73.24","72.35","73.16","14,333,220"
"08/21/2017","72.47","72.48","71.7","72.15","17,698,800"
"08/18/2017","72.27","72.84","71.93","72.49","18,760,830"
"08/17/2017","73.58","73.87","72.4","72.4","22,450,130"
"08/16/2017","73.34","74.1","73.17","73.65","18,146,300"
"08/15/2017","73.59","73.59","73.04","73.22","19,174,140"
"08/14/2017","73.06","73.72","72.95","73.59","20,079,920"
"08/11/2017","71.61","72.7","71.28","72.5","21,429,130"
"08/10/2017","71.9","72.19","71.35","71.41","23,882,090"
"08/09/2017","72.25","72.51","72.05","72.47","22,208,930"
"08/08/2017","72.09","73.13","71.75","72.79","22,029,970"
"08/07/2017","72.8","72.9","72.26","72.4","18,703,680"
"08/04/2017","72.4","73.04","72.24","72.68","22,578,340"
"08/03/2017","72.19","72.44","71.845","72.15","18,203,460"
"08/02/2017","72.55","72.56","71.445","72.26","26,487,360"
"08/01/2017","73.1","73.42","72.49","72.58","20,755,590"
"07/31/2017","73.3","73.44","72.41","72.7","23,546,300"
"07/28/2017","72.67","73.31","72.54","73.04","17,800,810"
"07/27/2017","73.76","74.42","72.32","73.16","35,803,280"
"07/26/2017","74.34","74.38","73.81","74.05","16,074,960"
"07/25/2017","73.8","74.31","73.5","74.19","21,934,340"
"07/24/2017","73.53","73.75","73.13","73.6","21,227,590"
"07/21/2017","73.45","74.29","73.17","73.79","46,301,020"
"07/20/2017","74.18","74.3","73.28","74.22","39,459,200"
"07/19/2017","73.5","74.04","73.45","73.86","22,071,360"
"07/18/2017","73.09","73.39","72.66","73.3","26,356,400"
"07/17/2017","72.8","73.45","72.72","73.35","21,776,670"
"07/14/2017","72.24","73.27","71.96","72.78","25,780,260"
"07/13/2017","71.5","72.0399","71.31","71.77","20,267,570"
"07/12/2017","70.69","71.28","70.55","71.15","17,747,470"
"07/11/2017","70","70.68","69.75","69.99","17,459,190"
"07/10/2017","69.46","70.25","69.2","69.98","15,006,190"
"07/07/2017","68.7","69.84","68.7","69.46","15,910,410"
"07/06/2017","68.27","68.78","68.12","68.57","21,108,330"
"07/05/2017","68.255","69.44","68.22","69.08","21,164,570"
"07/03/2017","69.33","69.6","68.02","68.17","16,165,540"
"06/30/2017","68.78","69.38","68.74","68.93","24,094,240"
"06/29/2017","69.38","69.49","68.09","68.49","28,898,600"
"06/28/2017","69.21","69.841","68.79","69.8","25,802,760"
"06/27/2017","70.11","70.18","69.18","69.21","25,214,000"
"06/26/2017","71.4","71.71","70.445","70.53","19,508,480"
"06/23/2017","70.09","71.25","69.92","71.21","27,071,300"
"06/22/2017","70.54","70.59","69.71","70.26","22,602,120"
"06/21/2017","70.21","70.62","69.94","70.27","19,681,370"
"06/20/2017","70.82","70.87","69.87","69.91","21,509,280"
"06/19/2017","70.5","70.945","70.35","70.87","23,309,860"
"06/16/2017","69.73","70.0252","69.22","70","48,278,130"
"06/15/2017","69.27","70.21","68.8","69.9","26,006,180"
"06/14/2017","70.91","71.1","69.43","70.27","25,483,760"
"06/13/2017","70.02","70.82","69.96","70.65","25,254,650"
"06/12/2017","69.25","69.94","68.13","69.78","47,720,550"
"06/09/2017","72.035","72.08","68.59","70.32","49,143,030"
"06/08/2017","72.51","72.52","71.5","71.95","24,460,980"
"06/07/2017","72.635","72.77","71.95","72.39","22,282,420"
"06/06/2017","72.3","72.62","72.27","72.52","31,506,590"
"06/05/2017","71.97","72.89","71.81","72.28","33,303,010"
"06/02/2017","70.44","71.86","70.24","71.76","34,637,860"
"06/01/2017","70.24","70.61","69.451","70.1","21,538,070"
"05/31/2017","70.53","70.74","69.81","69.84","30,445,790"
"05/30/2017","69.79","70.41","69.77","70.41","17,057,170"
"05/26/2017","69.8","70.22","69.52","69.96","19,716,360"
"05/25/2017","68.97","69.88","68.91","69.62","21,838,800"
"05/24/2017","68.87","68.88","68.45","68.77","14,665,710"
"05/23/2017","68.72","68.75","68.38","68.68","15,423,430"
"05/22/2017","67.89","68.5","67.5","68.45","16,216,010"
"05/19/2017","67.5","68.095","67.43","67.69","26,905,730"
"05/18/2017","67.4","68.13","67.14","67.71","25,184,940"
"05/17/2017","68.89","69.1","67.43","67.48","30,494,870"
"05/16/2017","68.23","69.44","68.16","69.41","34,936,100"
"05/15/2017","68.14","68.48","67.57","68.43","30,954,130"
"05/12/2017","68.61","68.61","68.04","68.38","18,700,160"
"05/11/2017","68.36","68.73","68.12","68.46","28,771,250"
"05/10/2017","68.99","69.56","68.92","69.31","17,934,310"
"05/09/2017","68.86","69.28","68.68","69.04","22,442,280"
"05/08/2017","68.97","69.05","68.42","68.94","18,553,900"
"05/05/2017","68.9","69.03","68.485","69","19,037,540"
"05/04/2017","69.03","69.08","68.64","68.81","21,684,030"
"05/03/2017","69.38","69.38","68.71","69.08","28,901,660"
"05/02/2017","69.71","69.71","69.13","69.3","23,528,160"
"05/01/2017","68.68","69.55","68.5","69.41","31,902,530"
"04/28/2017","68.91","69.14","67.69","68.46","39,431,920"
"04/27/2017","68.15","68.38","67.58","68.27","34,301,810"
"04/26/2017","68.08","68.31","67.62","67.83","26,132,990"
"04/25/2017","67.9","68.04","67.6","67.92","30,186,690"
"04/24/2017","67.48","67.66","67.1","67.53","29,721,350"
"04/21/2017","65.67","66.7","65.45","66.4","32,507,090"
"04/20/2017","65.46","65.75","65.14","65.5","22,298,340"
"04/19/2017","65.65","65.75","64.89","65.04","26,983,430"
"04/18/2017","65.33","65.71","65.16","65.39","15,145,300"
"04/17/2017","65.04","65.49","65.01","65.48","16,664,820"
"04/13/2017","65.29","65.86","64.95","64.95","17,875,510"
"04/12/2017","65.42","65.51","65.11","65.23","17,107,430"
"04/11/2017","65.6","65.61","64.85","65.48","18,783,560"
"04/10/2017","65.61","65.82","65.36","65.53","17,951,970"
"04/07/2017","65.85","65.96","65.44","65.68","14,089,430"
"04/06/2017","65.6","66.055","65.48","65.73","18,074,330"
"04/05/2017","66.3","66.35","65.4443","65.56","21,418,530"
"04/04/2017","65.39","65.81","65.28","65.73","12,988,620"
"04/03/2017","65.81","65.94","65.19","65.55","20,362,440"
"03/31/2017","65.65","66.19","65.45","65.86","21,037,270"
"03/30/2017","65.42","65.98","65.36","65.71","15,109,580"
"03/29/2017","65.12","65.5","64.9475","65.47","13,613,870"
"03/28/2017","64.96","65.47","64.65","65.29","20,066,100"
"03/27/2017","64.63","65.22","64.35","65.1","18,555,230"
"03/24/2017","65.12","65.45","64.76","64.98","22,616,680"
"03/23/2017","64.94","65.235","64.765","64.87","19,267,040"
"03/22/2017","64.12","65.14","64.12","65.03","20,635,780"
"03/21/2017","65.19","65.5","64.13","64.21","26,607,950"
"03/20/2017","64.91","65.175","64.72","64.93","14,273,670"
"03/17/2017","64.91","65.24","64.68","64.87","49,077,080"
"03/16/2017","64.75","64.76","64.3","64.64","20,638,340"
"03/15/2017","64.55","64.92","64.25","64.75","24,819,560"
"03/14/2017","64.53","64.55","64.15","64.41","14,280,080"
"03/13/2017","65.01","65.195","64.57","64.71","19,558,920"
"03/10/2017","65.11","65.26","64.75","64.93","19,531,290"
"03/09/2017","65.19","65.2","64.48","64.73","19,841,220"
"03/08/2017","64.26","65.085","64.25","64.99","21,510,490"
"03/07/2017","64.19","64.775","64.19","64.4","18,507,840"
"03/06/2017","63.97","64.56","63.81","64.27","17,536,510"
"03/03/2017","63.99","64.28","63.62","64.25","18,138,220"
"03/02/2017","64.69","64.75","63.88","64.01","24,523,130"
"03/01/2017","64.13","64.99","64.0218","64.94","26,911,390"
"02/28/2017","64.08","64.2","63.76","63.98","23,225,630"
"02/27/2017","64.54","64.54","64.045","64.23","15,852,360"
"02/24/2017","64.53","64.8","64.135","64.62","21,778,650"
"02/23/2017","64.42","64.7285","64.195","64.62","20,255,890"
"02/22/2017","64.33","64.39","64.05","64.36","19,274,640"
"02/21/2017","64.61","64.95","64.45","64.49","20,643,320"
"02/17/2017","64.47","64.69","64.3","64.62","21,236,980"
"02/16/2017","64.74","65.24","64.44","64.52","20,538,890"
"02/15/2017","64.5","64.57","64.155","64.53","16,984,020"
"02/14/2017","64.41","64.72","64.02","64.57","23,080,270"
"02/13/2017","64.24","64.86","64.13","64.72","22,871,800"
"02/10/2017","64.25","64.3","63.975","64","18,169,980"
"02/09/2017","63.52","64.435","63.32","64.06","22,625,170"
"02/08/2017","63.57","63.81","63.22","63.34","18,089,300"
"02/07/2017","63.74","63.78","63.23","63.43","20,271,020"
"02/06/2017","63.5","63.65","63.14","63.64","19,776,560"
"02/03/2017","63.5","63.7","63.07","63.68","30,288,330"
"02/02/2017","63.25","63.41","62.75","63.17","45,820,410"
"02/01/2017","64.355","64.62","63.47","63.58","39,650,890"
"01/31/2017","64.86","65.15","64.26","64.65","25,258,900"
"01/30/2017","65.69","65.79","64.8","65.13","31,627,120"
"01/27/2017","65.39","65.91","64.89","65.78","44,806,710"
"01/26/2017","64.12","64.535","63.55","64.27","42,688,490"
"01/25/2017","63.95","64.1","63.45","63.68","24,480,930"
"01/24/2017","63.2","63.735","62.94","63.52","24,647,260"
"01/23/2017","62.7","63.1159","62.57","62.96","23,055,910"
"01/20/2017","62.67","62.82","62.37","62.74","30,067,740"
"01/19/2017","62.24","62.98","62.195","62.3","18,438,530"
"01/18/2017","62.67","62.7","62.12","62.5","19,666,750"
"01/17/2017","62.68","62.7","62.03","62.53","20,662,940"
"01/13/2017","62.62","62.865","62.35","62.7","19,421,370"
"01/12/2017","63.06","63.4","61.95","62.61","20,965,490"
"01/11/2017","62.61","63.23","62.43","63.19","21,503,740"
"01/10/2017","62.73","63.07","62.28","62.62","18,587,170"
"01/09/2017","62.76","63.08","62.54","62.64","20,374,410"
"01/06/2017","62.3","63.15","62.04","62.84","19,899,270"
"01/05/2017","62.19","62.66","62.03","62.3","24,866,880"
"01/04/2017","62.48","62.75","62.12","62.3","21,325,140"
"01/03/2017","62.79","62.84","62.125","62.58","20,655,190"
"12/30/2016","62.96","62.99","62.03","62.14","25,575,720"
"12/29/2016","62.86","63.2","62.73","62.9","10,248,460"
"12/28/2016","63.4","63.4","62.83","62.99","14,348,340"
"12/27/2016","63.21","64.07","63.21","63.28","11,743,650"
"12/23/2016","63.45","63.54","62.8","63.24","12,399,540"
"12/22/2016","63.84","64.1","63.405","63.55","22,175,270"
"12/21/2016","63.43","63.7","63.12","63.54","17,084,370"
"12/20/2016","63.69","63.8","63.025","63.54","26,017,470"
"12/19/2016","62.56","63.77","62.42","63.62","34,318,500"
"12/16/2016","62.95","62.95","62.115","62.3","42,452,660"
"12/15/2016","62.7","63.1535","62.3","62.58","27,661,180"
"12/14/2016","63","63.45","62.53","62.68","30,335,770"
"12/13/2016","62.5","63.42","62.24","62.98","35,072,050"
"12/12/2016","61.82","62.3","61.72","62.17","20,186,390"
"12/09/2016","61.18","61.99","61.125","61.97","27,337,160"
"12/08/2016","61.3","61.58","60.84","61.01","21,201,400"
"12/07/2016","60.01","61.38","59.8","61.37","30,807,320"
"12/06/2016","60.43","60.46","59.8","59.95","19,966,340"
"12/05/2016","59.7","60.585","59.56","60.22","23,552,030"
"12/02/2016","59.08","59.47","58.8","59.25","25,464,230"
"12/01/2016","60.11","60.15","58.935","59.2","34,518,030"
"11/30/2016","60.86","61.18","60.215","60.26","34,641,520"
"11/29/2016","60.65","61.41","60.52","61.09","22,365,860"
"11/28/2016","60.34","61.02","60.21","60.61","20,604,370"
"11/25/2016","60.3","60.53","60.13","60.53","8,409,616"
"11/23/2016","61.01","61.1","60.25","60.4","21,847,500"
"11/22/2016","60.98","61.26","60.805","61.12","23,205,870"
"11/21/2016","60.5","60.97","60.42","60.86","19,638,240"
"11/18/2016","60.78","61.14","60.3","60.35","27,210,170"
"11/17/2016","60.41","60.95","59.965","60.64","32,084,890"
"11/16/2016","58.94","59.66","58.81","59.65","27,329,530"
"11/15/2016","58.33","59.49","58.315","58.87","35,850,360"
"11/14/2016","59.02","59.08","57.28","58.12","41,248,640"
"11/11/2016","58.23","59.116","58.01","59.02","35,932,400"
"11/10/2016","60.48","60.49","57.6302","58.7","57,770,560"
"11/09/2016","60","60.59","59.2","60.17","49,588,490"
"11/08/2016","60.55","60.78","60.15","60.47","22,923,800"
"11/07/2016","59.78","60.52","59.78","60.42","31,652,340"
"11/04/2016","58.65","59.28","58.52","58.71","28,693,430"
"11/03/2016","59.53","59.64","59.11","59.21","21,448,620"
"11/02/2016","59.82","59.93","59.3","59.43","22,118,490"
"11/01/2016","59.97","60.02","59.25","59.8","24,474,870"
"10/31/2016","60.16","60.42","59.92","59.92","26,418,340"
"10/28/2016","60.01","60.52","59.58","59.87","33,569,190"
"10/27/2016","60.61","60.83","60.09","60.1","28,444,550"
"10/26/2016","60.81","61.2","60.47","60.63","29,908,240"
"10/25/2016","60.85","61.3699","60.8","60.99","35,119,480"
"10/24/2016","59.94","61","59.93","61","54,039,610"
"10/21/2016","60.28","60.45","59.485","59.66","80,008,400"
"10/20/2016","57.5","57.52","56.66","57.25","48,880,910"
"10/19/2016","57.47","57.84","57.395","57.53","22,840,410"
"10/18/2016","57.53","57.945","57.41","57.66","18,862,790"
"10/17/2016","57.36","57.46","56.87","57.22","23,829,490"
"10/14/2016","57.12","57.74","57.12","57.42","27,221,480"
"10/13/2016","56.7","57.3","56.315","56.92","25,217,590"
"10/12/2016","57.11","57.27","56.4","57.11","22,157,100"
"10/11/2016","57.89","58.02","56.89","57.19","26,483,780"
"10/10/2016","57.91","58.39","57.87","58.04","18,085,830"
"10/07/2016","57.85","57.98","57.42","57.8","20,062,440"
"10/06/2016","57.74","57.86","57.28","57.74","16,194,470"
"10/05/2016","57.29","57.9601","57.26","57.64","16,708,620"
"10/04/2016","57.27","57.595","56.97","57.24","20,061,950"
"10/03/2016","57.405","57.55","57.06","57.42","19,156,410"
"09/30/2016","57.57","57.77","57.34","57.6","29,877,820"
"09/29/2016","57.81","58.1679","57.21","57.4","25,389,600"
"09/28/2016","57.88","58.06","57.67","58.03","20,523,320"
"09/27/2016","56.93","58.06","56.681","57.95","28,029,780"
"09/26/2016","57.08","57.14","56.83","56.9","21,184,750"
"09/23/2016","57.87","57.91","57.38","57.43","19,941,140"
"09/22/2016","57.92","58","57.63","57.82","19,821,760"
"09/21/2016","57.51","57.85","57.08","57.76","33,623,490"
"09/20/2016","57.35","57.35","56.75","56.81","17,347,740"
"09/19/2016","57.27","57.75","56.85","56.93","20,919,450"
"09/16/2016","57.63","57.63","56.75","57.25","44,603,890"
"09/15/2016","56.15","57.35","55.98","57.19","27,049,520"
"09/14/2016","56.39","56.63","56.03","56.26","24,265,700"
"09/13/2016","56.5","56.65","56.05","56.53","30,062,330"
"09/12/2016","56","57.205","55.61","57.05","29,266,780"
"09/09/2016","56.79","57.52","56.21","56.21","35,026,930"
"09/08/2016","57.63","57.79","57.18","57.43","20,109,050"
"09/07/2016","57.47","57.84","57.405","57.66","17,484,810"
"09/06/2016","57.78","57.8","57.21","57.61","16,264,890"
"09/02/2016","57.67","58.19","57.42","57.67","18,897,210"
"09/01/2016","57.01","57.82","57.01","57.59","26,053,530"
"08/31/2016","57.65","57.8","57.3","57.46","20,844,280"
"08/30/2016","57.98","58.19","57.61","57.89","16,900,190"
"08/29/2016","58.18","58.6","58.1","58.1","16,388,470"
"08/26/2016","58.28","58.7","57.69","58.03","20,935,160"
"08/25/2016","57.88","58.29","57.78","58.17","18,551,890"
"08/24/2016","57.8","58.04","57.715","57.95","17,118,420"
"08/23/2016","57.9","58.18","57.85","57.89","18,722,560"
"08/22/2016","57.6","57.75","57.26","57.67","15,215,880"
"08/19/2016","57.43","57.73","57.2","57.62","17,271,010"
"08/18/2016","57.42","57.7","57.27","57.6","14,211,810"
"08/17/2016","57.54","57.68","57.23","57.56","18,798,940"
"08/16/2016","57.61","57.62","57.27","57.44","20,452,960"
"08/15/2016","58.01","58.5","57.96","58.12","18,764,820"
"08/12/2016","58.03","58.19","57.62","57.94","21,646,690"
"08/11/2016","58.03","58.45","58.03","58.3","18,161,190"
"08/10/2016","58.16","58.32","57.82","58.02","15,702,720"
"08/09/2016","58.17","58.5","58.02","58.2","16,891,750"
"08/08/2016","58.055","58.085","57.78","58.06","19,459,340"
"08/05/2016","57.65","58.21","57.45","57.96","28,804,780"
"08/04/2016","56.8","57.5193","56.67","57.39","26,485,600"
"08/03/2016","56.68","57.11","56.49","56.97","22,069,790"
"08/02/2016","56.85","56.9","56.31","56.58","35,115,250"
"08/01/2016","56.6","56.75","56.14","56.58","26,003,110"
"07/29/2016","56.26","56.76","56.05","56.68","30,556,950"
"07/28/2016","56","56.37","55.72","56.21","37,246,140"
"07/27/2016","56.61","56.8","56.11","56.19","32,283,520"
"07/26/2016","56.52","57.29","56.51","56.76","28,028,820"
"07/25/2016","56.47","56.74","56.255","56.73","24,313,330"
"07/22/2016","56.08","56.6275","55.78","56.57","31,900,840"
"07/21/2016","55.98","56.23","55.76","55.8","32,752,350"
"07/20/2016","56.15","56.84","55.53","55.91","89,835,200"
"07/19/2016","53.71","53.9","52.93","53.09","51,870,970"
"07/18/2016","53.7","54.34","53.55","53.96","31,087,650"
"07/15/2016","53.95","54","53.21","53.7","31,986,450"
"07/14/2016","53.84","53.99","53.58","53.74","24,535,370"
"07/13/2016","53.56","53.86","53.18","53.51","25,334,860"
"07/12/2016","52.94","53.4","52.785","53.21","27,312,600"
"07/11/2016","52.5","52.83","52.47","52.59","21,894,550"
"07/08/2016","51.73","52.36","51.55","52.3","28,390,820"
"07/07/2016","51.42","51.61","51.07","51.38","19,582,210"
"07/06/2016","50.78","51.54","50.39","51.38","28,165,990"
"07/05/2016","50.83","51.28","50.74","51.17","24,781,550"
"07/01/2016","51.13","51.72","51.07","51.16","21,398,770"
"06/30/2016","50.72","51.3","50.5","51.17","28,524,020"
"06/29/2016","49.91","50.72","49.8","50.54","31,287,260"
"06/28/2016","48.92","49.47","48.67","49.44","38,132,040"
"06/27/2016","49.1","49.1466","48.035","48.43","50,308,070"
"06/24/2016","49.81","50.94","49.52","49.83","133,456,500"
"06/23/2016","51.28","52.06","51.15","51.91","28,960,330"
"06/22/2016","51.08","51.46","50.9525","50.99","28,801,660"
"06/21/2016","50.2","51.43","50.16","51.19","34,075,570"
"06/20/2016","50.64","50.83","50.03","50.07","35,597,220"
"06/17/2016","50.41","50.43","49.82","50.13","45,675,100"
"06/16/2016","49.52","50.47","49.5068","50.39","31,104,460"
"06/15/2016","49.78","50.12","49.69","49.69","33,718,830"
"06/14/2016","49.9","50.1","49.57","49.83","42,568,290"
"06/13/2016","49.58","50.715","49.06","50.14","83,206,230"
"06/10/2016","51.05","52.05","51.04","51.48","25,833,020"
"06/09/2016","52","52","51.49","51.62","20,303,990"
"06/08/2016","52.02","52.44","51.87","52.04","21,127,190"
"06/07/2016","52.24","52.73","52.1","52.1","20,798,030"
"06/06/2016","51.99","52.35","51.89","52.13","18,137,760"
"06/03/2016","52.38","52.42","51.6","51.79","23,254,530"
"06/02/2016","52.64","52.74","51.835","52.48","22,682,220"
"06/01/2016","52.44","52.95","52.44","52.85","25,104,350"
"05/31/2016","52.26","53","52.08","53","37,461,550"
"05/27/2016","51.92","52.32","51.77","52.32","17,671,620"
"05/26/2016","51.93","51.9793","51.36","51.89","24,308,620"
"05/25/2016","51.92","52.49","51.79","52.12","24,176,970"
"05/24/2016","50.7","51.71","50.4","51.59","34,726,410"
"05/23/2016","50.6","50.68","49.98","50.03","26,110,160"
"05/20/2016","50.48","51.22","50.4","50.62","23,770,620"
"05/19/2016","50.47","50.62","49.82","50.32","23,784,750"
"05/18/2016","50.48","51.14","50.3","50.81","24,861,480"
"05/17/2016","51.72","51.73","50.36","50.51","27,790,370"
"05/16/2016","50.8","51.96","50.75","51.83","19,962,750"
"05/13/2016","51.44","51.895","51.04","51.08","22,439,560"
"05/12/2016","51.2","51.81","50.92","51.51","24,101,640"
"05/11/2016","51.13","51.78","51","51.05","24,026,140"
"05/10/2016","50.33","51.1","50.19","51.02","22,871,860"
"05/09/2016","50.49","50.585","50","50.07","17,883,360"
"05/06/2016","49.92","50.39","49.66","50.39","24,772,020"
"05/05/2016","49.87","50.3","49.73","49.94","25,386,690"
"05/04/2016","49.84","50.06","49.46","49.87","24,249,670"
"05/03/2016","50.34","50.41","49.6","49.78","26,445,230"
"05/02/2016","50","50.75","49.7799","50.61","33,105,170"
"04/29/2016","49.35","50.25","49.35","49.87","48,391,580"
"04/28/2016","50.62","50.77","49.56","49.9","43,108,350"
"04/27/2016","51.48","51.5","50.55","50.94","43,301,480"
"04/26/2016","52.26","52.35","51.09","51.44","33,513,780"
"04/25/2016","51.78","52.13","51.63","52.11","33,124,870"
"04/22/2016","51.91","52.4297","50.77","51.78","126,793,100"
"04/21/2016","55.8","56.23","55.415","55.78","38,182,900"
"04/20/2016","56.29","56.5","55.485","55.59","36,169,280"
"04/19/2016","56.63","56.77","55.68","56.39","29,566,220"
"04/18/2016","55.49","56.59","55.21","56.46","23,758,570"
"04/15/2016","55.3","55.92","55.11","55.65","28,462,970"
"04/14/2016","55.22","55.575","55.07","55.36","20,875,260"
"04/13/2016","55.12","55.4375","54.89","55.35","20,813,640"
"04/12/2016","54.37","54.78","53.76","54.65","24,874,410"
"04/11/2016","54.49","55.15","54.3","54.31","21,400,400"
"04/08/2016","54.67","55.28","54.32","54.42","22,159,630"
"04/07/2016","54.87","54.91","54.23","54.46","19,221,270"
"04/06/2016","54.36","55.2","54.21","55.12","21,072,150"
"04/05/2016","55.19","55.3","54.46","54.56","19,261,620"
"04/04/2016","55.43","55.66","55","55.43","18,908,300"
"04/01/2016","55.05","55.61","54.57","55.57","24,383,590"
"03/31/2016","54.95","55.59","54.86","55.23","26,353,570"
"03/30/2016","54.93","55.64","54.9","55.05","22,992,090"
"03/29/2016","53.66","54.86","53.45","54.71","23,913,950"
"03/28/2016","54.21","54.29","53.33","53.54","17,018,120"
"03/24/2016","53.84","54.33","53.73","54.21","18,967,510"
"03/23/2016","54.11","54.24","53.74","53.97","20,123,800"
"03/22/2016","53.61","54.25","53.46","54.07","23,105,140"
"03/21/2016","53.25","53.9298","52.93","53.86","23,920,160"
"03/18/2016","54.92","54.97","53.445","53.49","67,622,520"
"03/17/2016","54.21","55","54","54.66","28,193,010"
"03/16/2016","53.45","54.6","53.4","54.35","31,679,130"
"03/15/2016","52.75","53.59","52.74","53.59","21,011,480"
"03/14/2016","52.71","53.59","52.63","53.17","24,079,770"
"03/11/2016","53","53.07","52.38","53.07","32,267,360"
"03/10/2016","52.93","52.94","51.16","52.05","38,385,600"
"03/09/2016","51.89","52.85","51.855","52.84","28,238,270"
"03/08/2016","50.8","52.13","50.595","51.65","33,822,940"
"03/07/2016","51.56","51.8","50.58","51.03","38,426,220"
"03/04/2016","52.4","52.45","51.71","52.03","33,033,010"
"03/03/2016","52.97","52.97","51.78","52.35","24,423,260"
"03/02/2016","52.41","52.96","52.155","52.95","29,269,240"
"03/01/2016","50.97","52.59","50.9199","52.58","32,999,880"
"02/29/2016","51.35","51.65","50.66","50.88","31,632,160"
"02/26/2016","52.6","52.68","51.1","51.3","35,945,290"
"02/25/2016","51.73","52.1","50.61","52.1","26,906,570"
"02/24/2016","50.69","51.5","50.2","51.36","32,918,630"
"02/23/2016","52.34","52.37","50.98","51.18","28,866,480"
"02/22/2016","52.28","53","52.28","52.65","24,992,030"
"02/19/2016","51.97","52.28","51.53","51.82","33,531,580"
"02/18/2016","52.33","52.95","52.1","52.19","27,016,950"
"02/17/2016","51.49","52.77","51.45","52.42","40,779,580"
"02/16/2016","50.9","51.09","50.13","51.09","36,460,400"
"02/12/2016","50.25","50.68","49.75","50.5","34,216,160"
"02/11/2016","48.68","50.11","48.51","49.69","48,855,890"
"02/10/2016","49.89","50.39","49.52","49.71","38,220,450"
"02/09/2016","49.02","50.24","48.67","49.28","46,589,450"
"02/08/2016","49.55","49.57","48.19","49.41","58,393,070"
"02/05/2016","51.94","52","49.56","50.16","61,262,540"
"02/04/2016","52.1","52.81","51.37","52","46,967,100"
"02/03/2016","53.25","53.39","51.26","52.16","57,526,850"
"02/02/2016","54.17","54.26","52.65","53","55,388,320"
"02/01/2016","54.88","55.09","54.495","54.71","44,172,930"
"01/29/2016","54.73","55.09","54","55.09","83,559,310"
"01/28/2016","51.86","52.21","51.25","52.055","61,275,100"
"01/27/2016","52.01","52.2","51.0201","51.22","36,647,310"
"01/26/2016","51.79","52.44","51.55","52.17","28,768,620"
"01/25/2016","51.94","52.65","51.65","51.79","34,654,900"
"01/22/2016","51.41","52.33","51.26","52.29","36,881,330"
"01/21/2016","51","51.58","50.3","50.48","40,172,530"
"01/20/2016","49.98","51.38","49.1","50.79","63,249,630"
"01/19/2016","51.48","51.68","50.06","50.56","43,484,630"
"01/15/2016","51.31","51.97","50.34","50.99","71,037,400"
"01/14/2016","52","53.4163","51.57","53.11","52,227,000"
"01/13/2016","53.8","54.07","51.3038","51.64","66,862,860"
"01/12/2016","52.76","53.1","52.06","52.78","36,061,760"
"01/11/2016","52.51","52.85","51.46","52.3","36,889,200"
"01/08/2016","52.37","53.28","52.15","52.33","48,718,970"
"01/07/2016","52.7","53.485","52.07","52.17","56,497,950"
"01/06/2016","54.32","54.4001","53.64","54.05","39,498,780"
"01/05/2016","54.93","55.39","54.54","55.05","34,059,040"
"01/04/2016","54.32","54.8","53.39","54.8","53,209,740"
"12/31/2015","56.04","56.19","55.42","55.48","27,329,930"
"12/30/2015","56.47","56.78","56.2875","56.31","21,690,270"
"12/29/2015","56.29","56.85","56.06","56.55","27,727,810"
"12/28/2015","55.35","55.95","54.98","55.95","21,704,030"